grupo,n_filas,co2_real_medio,co2_pred_medio,mae,rmse,r2,error_relativo_pct
WRANGLER UNLIMITED,108,186.74074074074073,172.68649291992188,22.116787239357276,29.739564412725787,0.8005005160858895,11.843579045272639
MASTER,654,218.48776758409787,210.5673065185547,17.952180284972584,34.54908919774994,0.24584227662024483,8.216560809548586
CAPTIVA,109,184.0275229357798,178.77438354492188,17.344170946593678,20.422742783336634,-0.12948079164402637,9.424770094115912
SPRINTER,441,227.82403628117913,216.5899200439453,16.638293585052836,34.46589846865586,-0.37509250879098266,7.3031335308790455
MULTIVAN,182,190.71549450549452,184.48997497558594,14.469005557049764,25.293045544944857,0.7030697910083055,7.586696400607823
TOUAREG,112,200.90178571428572,200.8657989501953,13.763801983424596,19.296038296086724,0.7208865860713645,6.8510102757368765
35S16,128,219.308203125,213.73028564453125,13.672328372001648,19.343826663752857,0.5736347801510892,6.234298661509152
FUSION,101,150.93069306930693,138.251220703125,12.679469193562422,12.943741229900048,-0.7393799976678674,8.400855343412521
VITO,135,194.5037037037037,187.9987335205078,12.426926676432291,15.520854934048014,-0.04402406271915016,6.389043725029932
KOLEOS,159,162.58490566037736,152.6508331298828,12.085773875878292,15.752335769609251,-0.1759441748296029,7.43351532344841
VIVARO,126,185.75396825396825,179.46987915039062,11.742086804102337,14.879586844757961,0.7602130348020585,6.321311417717985
INSIGNIA,138,133.65217391304347,137.32110595703125,11.274484275043875,13.877423089395892,0.563614662022617,8.435690901952151
C 220 CDI,150,137.45333333333335,141.33306884765625,11.042937672932943,13.442814866061466,0.511712462090431,8.033954073818709
JIMNY,130,164.45384615384614,153.6986541748047,10.800033628023588,14.495968925326604,-3.223309034962858,6.567212552706238
MG HS,147,159.76190476190476,149.3769073486328,10.386412847609748,10.929243842053054,0.9308030502235207,6.501182408339931
Q7,151,181.6291390728477,183.78562927246094,10.336005558241283,13.622032305603923,0.8664485568426574,5.690719898251417
XC90,142,169.11971830985917,166.88421630859375,10.290228937713193,15.130558349385492,0.8767890111037705,6.084582590694454
¡,133762,130.75906427086915,126.7855453491211,10.261144285481535,24.81601064585377,0.7615540120677458,7.84736747903414
SCIROCCO,172,140.5581395348837,134.2203369140625,10.236648382142533,41.28122462584522,0.14132649480565884,7.282857055462094
QASHQAI+2,115,158.6086956521739,151.35000610351562,10.235290062945822,16.44908605064134,0.4095599797545617,6.453170818195009
MEGANE SCENIC,468,125.89102564102564,122.548583984375,10.060334050757254,14.69510874801354,0.5193605326003217,7.991303589378948
FIAT DUCATO,394,190.96446700507613,192.48526000976562,10.040879225367823,15.729750319670126,0.7500946138189508,5.257983007436101
TOYOTA LAND CRUISER (1,204,220.19607843137254,217.31678771972656,9.97271608838848,11.210805178336742,0.8202074909710502,4.52901621111142
INSIGNIA LIMOUSINE HB,372,107.70698924731182,112.89879608154297,9.874098623952557,12.146974300097238,0.04507449246379258,9.167556063868897
RANGER,336,225.32142857142858,226.1064910888672,9.864382062639509,11.969227529959168,0.8850032702428102,4.377915640416964
MERIVA,259,134.996138996139,130.49571228027344,9.808155369114232,12.403171258343493,0.5415620908108769,7.265508067156463
TRANSIT,516,200.94397286821706,196.831298828125,9.652340312632479,18.778266600788545,0.4831123368144282,4.803498295996501
MAZDA 6,154,125.98051948051948,132.14671325683594,9.228969326266995,10.814053304750338,0.5667389359910271,7.325711438818192
AUDI A4,172,138.72093023255815,139.7936553955078,9.181487460469091,11.194934111476849,0.7075409095183047,6.618674950547709
CR-V,197,142.7258883248731,136.90185546875,9.155446086438173,11.971845123895637,0.8617252502122575,6.414705975133621
KORANDO,107,161.7617757009346,156.97377014160156,9.09494522807754,11.96587556072837,0.3847303821881962,5.62243162123312
SUPER DINK 125,237,75.38008438818567,66.6706771850586,9.068362650810917,20.01376144537313,-1.353677423045582,12.03018373409012
RANGE ROVER SPORT,297,194.55892255892255,193.15687561035156,9.031926472981771,16.087835138075416,0.9252841751962879,4.64225765346045
LAGUNA,109,124.5045871559633,127.10429382324219,8.998202087682321,15.068920853528468,-0.07625439644622944,7.227205272694517
PROACE,312,160.69230769230768,159.0792999267578,8.975340965466621,10.817984449015091,0.8104526027410027,5.585420418911732
SANTA FE,125,160.368,158.04115295410156,8.893192016601562,13.119448076326476,0.8591167888888642,5.545490382496235
QASHQAI,868,139.426267281106,135.7781982421875,8.863743997389271,11.788601288168051,0.6928660824685708,6.357298499226493
A4,153,136.64705882352942,135.12484741210938,8.863544289582695,11.48804653801363,0.6535842439206169,6.486450836113035
C 200 CDI,127,136.78740157480314,139.7756805419922,8.856960386741818,11.293329790024028,0.22482462836797112,6.474982553052102
AUDI Q5,109,177.45871559633028,170.67044067382812,8.792577901017776,11.735278168573117,0.4255887474141148,4.954717423413832
VIVARO-B,174,160.78735632183907,159.25770568847656,8.751306643431214,9.702392083192393,0.3197539019861555,5.4427828428960625
TRANSPORTER,234,179.19572649572652,176.60011291503906,8.652415335891593,12.502027491347855,0.5554451449741906,4.828471920114644
CRAFTER,353,214.06798866855524,210.7448272705078,8.436790963407955,14.567682335036597,0.5500368474699255,3.9411735570005137
DISCOVERY SPORT,221,141.63348416289594,145.59307861328125,8.292096030118778,10.384598993255343,0.8678427603646186,5.854615579873645
X5 XDRIVE30D,117,172.97435897435898,178.63833618164062,8.289548694577991,9.98913578197412,0.6650518632989522,4.792356938756917
I40,217,119.09216589861751,122.3531723022461,8.205423733056415,10.59410103498961,0.21359810340837782,6.889977750544604
RANGE ROVER EVOQUE,1033,140.0571151984511,143.1687774658203,8.158317255719934,10.917589919178159,0.7944899436874915,5.824993070976917
TIVOLI,270,143.99681481481483,141.74758911132812,8.108904099075884,9.953684198385387,0.7470628953330356,5.631307962960315
TRAFIC,1202,171.55990016638935,171.74880981445312,8.069123349054879,11.548389019569669,0.6651186678931298,4.703385430528314
TOURNEO CONNECT,300,135.21333333333334,135.218017578125,8.051847457885742,11.098230872052063,0.5817459358423854,5.954921204431818
Z900,332,141.07831325301206,134.68792724609375,8.051745127482587,10.332701960891354,-0.08113003644162564,5.707287634664628
PASSAT,1324,120.85347432024169,123.1611328125,7.771254046806035,11.198598418250166,0.6265364348496567,6.430310829305162
SORENTO,105,158.11428571428573,155.9846649169922,7.764854431152344,9.052311771459342,0.923695382938041,4.910912632640621
CADDY,1419,135.5151515151515,133.01380920410156,7.697175491687863,10.378442941693711,0.3901981303053288,5.679937191987914
VENGA,106,132.25471698113208,125.46873474121094,7.695053388487618,8.44830777830855,0.5434171477613237,5.8183583649310755
FIAT 500L,282,129.58156028368793,127.52285766601562,7.682116921066393,8.599630356280423,0.780494378134288,5.928402856276949
CB650RA,114,112.6842105263158,105.03766632080078,7.646540457742256,8.570437001711928,-45.35719044495274,6.785813577632081
TWINGO,153,109.20915032679738,112.08688354492188,7.634134130540237,10.905280603021337,0.2712834580645682,6.990379567733894
S-MAX,139,143.01438848920864,145.2333221435547,7.569212714545161,12.166283608451268,0.500980357477225,5.292623207011305
YETI,294,137.19727891156464,129.8472137451172,7.556683806335034,9.744750645344917,0.4414840755802695,5.507896268996677
CALIFORNIA BEACH,152,188.5328947368421,185.83529663085938,7.554727052387438,9.982201152682718,0.5534783874217875,4.007113486976622
ZAFIRA TOURER,488,130.4139344262295,131.92742919921875,7.365049815568768,9.325764600412448,0.6656490258144043,5.647440856663145
XP500,126,100.36376984126983,94.06819915771484,7.307327277773901,12.145539449411261,-1.6712738723818514,7.280841771219627
TOYOTA HILUX,406,210.92857142857142,212.21621704101562,7.294193098697757,10.535695129420494,0.8790291416040359,3.4581342154340873
SHARAN,141,151.18439716312056,154.31845092773438,7.2730409879210995,10.121574303598374,0.6488428020853476,4.8107087268230755
Q3 SPORTBACK,384,150.15104166666666,145.57672119140625,7.261674125989278,9.347133431692368,0.6356990040365745,4.836246252696734
ZAFIRA,226,143.3849557522124,139.2117919921875,7.191512943369098,12.625626479584628,0.28148764973856866,5.015528237004832
MAZDA 2,212,109.03301886792453,114.92887115478516,7.183743332916835,9.117301030544214,-0.6936981471657129,6.588594361143713
V40,385,101.04935064935064,106.06047058105469,7.16678419237013,8.450649565071236,0.7797964461179412,7.09236046180984
XC60,1075,139.89116279069768,142.3726806640625,7.118116174742233,9.459282255849692,0.8902715430812324,5.088324403588105
MITSUBISHI ASX,100,137.143,139.0369873046875,7.08749919128418,14.215185720383142,-0.03866930847465233,5.167962777016822
UH125,137,67.94160583941606,60.86953353881836,7.072071688018576,8.505475390559651,-154.99814590818204,10.40904406165175
C4 PICASSO,223,126.40807174887892,126.7670669555664,7.01857928631017,12.560364156784136,0.5976722602661453,5.552318921732477
NISSAN NV200,504,131.33134920634922,125.61090087890625,7.010182607741583,7.982838463278892,-5.400937455403921,5.337783134114543
LIBERTY 125,179,61.0,54.00221633911133,6.997782126485302,7.076896295406135,0.0,11.471773977844759
FIAT DOBLO,478,140.64225941422595,136.76019287109375,6.992160924807752,9.977785157444334,0.28411128704703204,4.9715931427225755
HONDA CR-V,251,128.80876494023903,129.09503173828125,6.953633251418156,9.740919159137597,0.7751375882900767,5.398416213868909
ALHAMBRA,263,147.0,149.0739288330078,6.927620717327858,9.837210123985374,0.5952883806385394,4.712667154644802
X4 XDRIVE20D,227,141.73127753303964,137.38519287109375,6.890868535650984,7.715387578720617,0.17648860255258714,4.861925084986708
MAZDA 3,519,119.27745664739885,121.61429595947266,6.864398640244912,8.751853373813413,0.5865720257881539,5.754984079294256
ASX,162,141.0185185185185,141.20643615722656,6.8639926203974975,8.879641807700379,-0.600886225927993,4.867440597524161
GOLF BLUE MOTION,222,106.7927927927928,113.54278564453125,6.839775326015713,7.276998203589518,-6.52395601643288,6.404716223955999
FORTWO COUPE,270,101.24074074074075,104.31145477294922,6.81929860998083,7.589081477824001,0.4053683090305449,6.735725716827598
MICRA,134,121.07462686567165,120.58594512939453,6.809932025510873,10.289043106403144,0.2323374696660241,5.624574034877077
SUPERB,213,123.7981220657277,123.12528991699219,6.7640762687289095,9.147973342445503,0.7899391132661169,5.463795537332692
B 200 D,175,113.95428571428572,118.43624877929688,6.730188642229352,7.557721412853805,0.6379053759986655,5.906042585448484
A5 SPORTBACK,371,126.49865229110512,124.89544677734375,6.703419194388583,8.997960274654032,0.5057263471201849,5.299202064985115
ASX 160 MPI MOTION,415,143.8722891566265,141.115966796875,6.700175862139966,7.192258996772235,0.34924172135457077,4.657030135140078
TOLEDO,263,112.29657794676807,108.61417388916016,6.6980425178324765,8.453122291085602,-0.363485392405525,5.96460073877545
AVEO,384,130.08333333333334,128.35276794433594,6.686322649319966,10.910328784572323,0.34275632008913604,5.140030223692479
ASTRA,1478,116.72075778078484,118.76167297363281,6.675937628533102,10.138957418248555,0.6488359411457028,5.719580437501348
C4,172,115.18604651162791,116.79971313476562,6.666770846344704,12.396467696266045,0.29061670003506357,5.787828515905962
FIAT TIPO,543,122.53959484346224,125.07791137695312,6.6553755421225755,8.670611922922468,0.7463007026703563,5.431204134977319
EXEO,118,140.22881355932202,135.08119201660156,6.64767737307791,14.861012098871567,-1.3068666774542765,4.7405930381531
FIAT PANDA,177,116.94350282485875,118.92893981933594,6.600799926930228,12.324716428748863,-10.186513505745964,5.6444349343767835
JUKE,272,136.95220588235293,134.031494140625,6.527115204754998,8.63369189193282,0.6934820422227437,4.765980337959678
TOYOTA PRIUS PLUS,268,109.27611940298507,105.74427032470703,6.523094433457104,8.042263968368964,0.4601700321630843,5.969368668191299
C3 PURETECH 83 S&S FEE,265,97.91698113207548,104.25055694580078,6.490002815678435,6.676602740282156,-3.606907843407006,6.628066695524838
ECOSPORT,1016,125.92716535433071,120.96729278564453,6.484509445550874,8.833338830455286,0.46863104837158487,5.149412700035709
KANGOO 1.5,143,139.8951048951049,134.88937377929688,6.478947165962699,11.249659577400346,-8.340917717903597,4.631289401313001
PARTNER,228,136.83333333333334,133.39581298828125,6.453517947280616,7.63698622218548,0.5812736656390585,4.7163346752355295
TRANSIT CONNECT,753,128.86852589641435,130.52745056152344,6.442366251749188,8.775014325507025,0.49225293771594536,4.999177422831404
MAZDA CX-5,1463,142.55092276144907,142.474365234375,6.402336527367447,8.060024112206923,0.6261766971661011,4.491262773571375
GLC 250 D 4MATIC,152,140.41447368421052,139.99339294433594,6.393660796316047,6.992236644840425,0.7722699656476951,4.553420048915519
NISSAN X-TRAIL,912,141.81140350877192,137.93899536132812,6.3358130622328375,7.613581258387731,0.33993599164759847,4.467774033306799
EXPERT FURGÓN PRO BLUE,100,146.27,146.6293487548828,6.32631965637207,7.9672694664242005,0.78718653644341,4.325097187647549
KOMBI,597,175.81742043551088,173.76300048828125,6.312351629362634,8.458808293209183,0.7083682350309943,3.5902879326329207
CEED,1354,120.74372230428361,122.65717315673828,6.294350853698821,7.563603923451286,0.844036769936925,5.2129839411746515
GLC 220 D 4MATIC,532,143.0545112781955,143.43817138671875,6.281875596010595,7.320593352049738,0.7199789724437796,4.3912460640925515
AUDI A3,262,124.84041984732825,127.48407745361328,6.2646185116367485,11.100330628354154,0.6384192517526606,5.018101124057394
A4 AVANT,404,121.62623762376238,124.72045135498047,6.2032225013959525,8.105002190277428,0.6742881022043414,5.100233816806001
MAZDA3,263,127.04942965779468,126.74502563476562,6.202865919686089,7.8573259589077065,0.01940869944733714,4.882246174889093
CIVIC 5DR,339,124.5811209439528,126.6534652709961,6.195064589688911,9.11364759788453,0.7814833637887728,4.97271540242119
PROACE CITY VERSO,228,139.80263157894737,136.47032165527344,6.166287572760331,7.455671394477653,0.7426114192800992,4.410709228515626
SWIFT,267,111.08614232209737,113.06710815429688,6.157380550541681,9.132476306492526,0.5650286390089317,5.5428880883163485
320D,198,119.58833333333332,117.96766662597656,6.123675501659663,8.247320945560054,0.2499520994186868,5.120629522104717
MEGANE SPORT TOURER,259,110.74903474903475,115.77395629882812,6.026162548875257,7.3350307664902825,0.7342327105094313,5.44127771635299
ALTEA,244,131.0327868852459,127.63603210449219,6.009342068531474,10.704272928848429,0.39068006708592506,4.586136196427122
TRANSIT CUSTOM,1078,173.97402597402598,174.24484252929688,5.941098929778543,7.912944081704797,0.8104276065524348,3.414934440078739
KUGA,2613,129.0692690394183,127.52025604248047,5.921421379501045,8.871030532240445,0.9469618527879174,4.587785631367153
BERLINGO,446,135.75336322869956,133.03463745117188,5.904455723783895,7.782146235597443,0.660504431014949,4.349399221761333
GRAND C-MAX,101,124.52475247524752,125.40971374511719,5.887862403794091,7.45420575379176,0.6059258905517297,4.728266699397338
MONDEO,355,124.03661971830986,125.11500549316406,5.8680490843007265,9.028772637216044,0.699896362061982,4.730900517627138
CLIO SPORT TOURER,107,102.33644859813084,106.55403900146484,5.845204219639858,7.18974102432623,0.7244911770346749,5.711752068506528
KTM 125 DUKE,206,52.62621359223301,54.297481536865234,5.83479240565624,6.218549076757326,-1.3332111768233523,11.0872358229424
LEXUS NX300H,279,127.1326164874552,126.02710723876953,5.834501013533616,9.064622539179771,0.5976717791671574,4.589303024459766
ALFA GIULIETTA,123,115.60162601626017,116.23526000976562,5.82459035733851,9.06627087135285,0.721399590331167,5.0385021024870715
NISSAN NOTE,195,103.04615384615384,108.38629913330078,5.8220084948417465,6.637060556720697,0.6864852026799831,5.649903734916595
B 180 CDI,238,121.84033613445378,119.87197875976562,5.806710251239168,8.275578447959688,0.7061989071408905,4.765835712100565
"TUCSON,IX35",1902,134.43796004206098,135.3478546142578,5.759612808468214,8.873832677579015,0.7314976410974472,4.284216159384025
ALTEA XL,406,129.1576354679803,125.77490997314453,5.724189739509169,10.354975383863145,0.4213418428201108,4.431940642741377
ESPACE,114,130.12280701754386,133.3646240234375,5.7128849364163585,8.659226707731708,0.8718335136369935,4.390379417227078
118I,203,126.48275862068965,124.36072540283203,5.705535963838323,8.274144954247644,0.3621608463429148,4.510919927789296
CITAN,419,119.29832935560859,121.47265625,5.676337868046362,8.074449939570576,0.4193920535461092,4.758103402375516
N.A.,366,64.32912841530054,59.123291015625,5.656282811232602,9.030913561160576,-0.2560020413774451,8.792724152449836
COMBO VAN,275,135.8,130.53948974609375,5.624555802778764,7.112079387965871,-1.8846868800706083,4.141793669203802
STELVIO,105,152.07619047619048,154.55484008789062,5.613444373721168,8.132359669917838,0.7838675540937772,3.691205280816149
VESPA PRIMAVERA 125 AB,283,60.25795053003534,54.65599822998047,5.601950399445982,6.447899326269365,-216.20369659788818,9.29661621440927
SYMPHONY,154,62.0,56.4031982421875,5.596800866065087,6.566123688122355,0.0,9.027098171072721
RAPID,349,108.93409742120343,106.85467529296875,5.592498801157604,6.566994514589956,0.060822731399186036,5.133836818359735
V 220 D,153,176.3986928104575,177.58668518066406,5.580664341745813,7.5585791605089705,0.8420129625913194,3.1636653610252674
A3,293,117.43686006825939,117.99720001220703,5.560743807118907,7.5379061951961175,0.7948358276641692,4.73509237550013
FIAT PUNTO,232,119.98275862068965,121.02574920654297,5.560694546535097,9.716084601144466,-0.055082684213000555,4.634578009757661
SUBARU XV,123,155.04065040650406,150.82427978515625,5.538907120867473,8.128265174208993,0.06450562974214402,3.572551525257993
TOURAN,1695,138.34867256637168,137.5395050048828,5.536060371511454,8.9402992843202,0.7688515264424929,4.001527639418132
IX35,636,144.60377358490567,139.55941772460938,5.527608931439477,8.383100747369912,0.3514846400423477,3.822589683798177
GLA 200 CDI,111,115.33333333333333,111.36172485351562,5.522904267182222,6.161243799645417,-0.7151951258937328,4.788645318366088
Q3,1377,135.4560639070443,135.3041534423828,5.521760545784612,6.855188982042951,0.7420933956774238,4.076421820121599
AUSTRAL,394,123.25380710659898,125.43474578857422,5.521722938808693,6.198783392819402,0.8821804276963819,4.4799613646279495
OCTAVIA,819,114.42490842490842,115.27953338623047,5.468429714477688,8.074031370860398,0.6901914022931959,4.779055355824345
MAZDA CX-30,588,131.7295918367347,130.13011169433594,5.454228031392,6.8960518932308545,0.5306705227698563,4.14047288490194
MEGANE 1.5,139,116.65467625899281,118.10311126708984,5.450581090913402,11.15620906149253,-15.146802435076346,4.672406855608775
420D,162,121.38888888888889,119.84983825683594,5.380332993872372,6.7637878616304885,0.4477620170324004,4.432310933167171
COMPASS,623,137.2808988764045,134.3927764892578,5.362591163304606,8.19551212156085,0.9388201557687661,3.9062908293837775
DOBLO,120,139.275,137.8903045654297,5.361627133687337,7.196175110587401,-0.5134695218905632,3.849669455169511
I10,1485,115.87340067340067,114.20609283447266,5.356001980457242,7.50498760093243,0.1035901844048539,4.622287728961716
FORFOUR,235,99.85106382978724,103.71636199951172,5.324893545597158,5.5091080498634355,0.26786393170570444,5.332836067399668
JAGUAR F-PACE,171,147.15204678362574,150.22140502929688,5.319323958012095,7.15250511003086,0.8902953376351215,3.614848773278497
JUMPY TALLA M BLUEHDI,133,143.78195488721803,142.87600708007812,5.318052191483347,6.6673383546933,0.795624861763083,3.6986923676582397
CRUZE,244,147.172131147541,144.72854614257812,5.282636736260086,8.1829715241861,0.42625201799764645,3.589427356300364
NUEVO C4 PURETECH 130,483,121.18219461697723,125.58527374267578,5.204624626207056,5.500182503139176,-0.3417597890537334,4.294875697421893
"I20, I20 ACTIVE",1695,115.54395280235988,114.08834838867188,5.180988638098612,6.4899790908295625,0.3718297014498396,4.4839980911513315
NUEVO C3 AIRCROSS PURE,354,115.32485875706215,115.17115783691406,5.149434709279551,6.167598463289382,-0.016782440548779087,4.465155877734136
FIAT 500X,488,131.89139344262296,132.03472900390625,5.147487874890937,5.8612142714737,0.8676980774724317,3.902823179383772
A 200,151,128.21192052980132,131.9109344482422,5.136174385121326,6.279690223910743,0.42717790098472685,4.006003781783679
GLA 200,102,151.40196078431373,146.66769409179688,5.134623508827359,5.989397115939839,0.2060284325056413,3.3913850799740373
I30,897,124.05685618729098,123.96932220458984,5.131462849900874,7.890771076076814,0.6713254109055793,4.13637988871313
308,192,121.875,121.6030502319336,5.130066275596619,10.911121806698953,0.4980986060760313,4.209285149207482
SEAT LEON SP,146,128.17123287671234,131.92788696289062,5.126663678312955,6.970094425183537,-0.39661267546017953,3.9998551650386966
NIRO,1199,92.2393661384487,94.48411560058594,5.104043306759539,5.737751809385545,0.9249450290630665,5.53347612894316
RANGE ROVER VELAR,115,157.96521739130435,160.0646209716797,5.100233724842901,7.665408805875018,0.9520702411157126,3.228706805884254
LOGAN,177,114.40677966101696,115.47216796875,5.0962642518814,6.991933508049519,0.8714771223721531,4.454512457200038
NISSAN PULSAR,417,106.31175059952038,111.39083099365234,5.079812431792847,6.160077589198856,0.7405585865698783,4.778222918112464
500,189,118.03703703703704,116.74495697021484,5.065174748657872,8.87187774762558,-0.6306755846815755,4.291174088916303
NUEVO C3 PURETECH 110,126,121.34126984126983,118.1045913696289,5.063070266965836,6.780039605418581,0.6198002919355656,4.172587177956016
A 180 CDI,263,112.92775665399239,110.88511657714844,5.055707779220755,7.115647762240502,0.7727806505076732,4.476939885303228
IONIQ,289,84.3840830449827,87.34326171875,5.055446611556214,5.42506633015429,0.9073784231804602,5.990995492433452
CORSA,2017,115.398116013882,117.11048126220703,5.018163315068984,7.126358877136222,0.644840887514261,4.348566067114403
FOCUS,3700,116.09918918918919,116.67501831054688,4.9754402201884504,7.0035521531772575,0.8065508505891656,4.285508154652771
KODIAQ,246,145.15040650406505,143.76141357421875,4.955956032605675,6.567592355073504,0.8722814585411286,3.4143590445038674
A3 SPORTBACK,1564,113.14450127877238,111.90853118896484,4.914375768598084,6.326360552639821,0.6857003164761541,4.343450820017972
TOYOTA AURIS,1858,101.64531754574811,102.37921905517578,4.907932289706621,19.436853388094615,0.4363349519295632,4.82848832411555
LTS125-C,170,42.976470588235294,47.31000518798828,4.906511104808134,4.959689295186312,-1069.6282642293772,11.416738130541784
X3 XDRIVE20D,369,144.7750677506775,143.87222290039062,4.900619734270463,6.409765876113836,0.5042109536582099,3.3849887348766443
WW125EX2,213,47.906103286384976,43.18587875366211,4.898457236133271,8.775422992419557,-40.20021416608069,10.225121435676074
TUCSON,2058,136.88289601554908,136.19842529296875,4.8639034015444205,6.133666472715719,0.9586435293002797,3.5533317478846373
NISSAN MICRA,1434,109.66945606694561,111.08061981201172,4.853722390104371,6.075199509688486,0.6419780487025669,4.42577410718761
CUPRA LEON,219,139.8310502283105,138.0279998779297,4.840273992111694,5.4629184313339785,0.8149817947288953,3.461515868048399
ASTRA NOTCHBACK,112,114.10714285714286,113.96437072753906,4.825416633061001,6.5055201543842625,0.8514406492873677,4.228847127565196
I 30,1569,118.08158062460166,119.80347442626953,4.8141137312140865,8.428766969515806,0.6512101062388507,4.076938761955471
318D,394,115.85634517766498,113.15995788574219,4.813872222125833,6.424059603355731,0.1870320483282737,4.155035457698748
TARRACO,337,146.81899109792286,146.03836059570312,4.807096588859219,6.918198331064735,0.9325319469573874,3.2741653875369994
XP560D,113,112.0,107.2058334350586,4.794169805746163,4.921674023047514,0.0,4.280508755130503
E 220 D,104,114.04807692307692,118.68741607666016,4.783714954669659,6.6345204181390125,0.45585589368157964,4.194472264443508
COOPER D,189,105.92592592592592,107.16692352294922,4.779816925210297,7.86878999269755,0.666757208283165,4.512414579743987
ONE,163,118.44171779141104,120.02727508544922,4.741748552380895,7.377458167162632,-0.012252873556792387,4.00344459773172
A 200 CDI,117,111.61538461538461,108.51547241210938,4.70812010153746,9.607928348604707,0.18398393180401884,4.218164115781322
SEAT LEON,522,128.1455938697318,130.08677673339844,4.70325839747871,5.321673408967459,-0.0289702464038315,3.670245894103759
2008 ALLURE PURETECH 1,328,118.08231707317073,115.69202423095703,4.696151710138088,6.25411730650016,0.4903468022925608,3.9770152098455838
TOYOTA AVENSIS,146,125.91095890410959,127.38766479492188,4.680492871428189,6.62929403620011,0.7873260106555242,3.7173038091090445
CEE'D,793,116.67087011349307,116.18730163574219,4.658700608665976,6.301267463994676,0.7971144958242016,3.9930280833031984
GLA 200 D,575,124.04347826086956,123.67127990722656,4.641348293138587,6.324301081456852,0.8546113163175725,3.741710856718805
A3 LIMOUSINE,187,112.02139037433155,111.46861267089844,4.638528466862153,5.784967381890871,0.6778803240670158,4.14075245036864
MOKKA,838,128.763723150358,127.31832885742188,4.629073969219636,7.1693195527562175,0.7122808546256296,3.595014073811958
A6 LIMOUSINE,140,124.08571428571429,123.43162536621094,4.626370021275112,6.070015011424552,0.8474096768770231,3.7283663537791596
SX4,164,125.4451219512195,123.6738510131836,4.6243937887796545,7.281011484373546,0.7395440019625619,3.6863878936463492
FORMENTOR,867,152.89158016147636,151.90591430664062,4.611859481089943,6.080817532341234,0.9204195578663525,3.0164247607481918
C3,166,106.01807228915662,106.51414489746094,4.60529028651226,10.03018006976006,0.26607827636046566,4.343872876646601
TOYOTA VERSO,567,140.00176366843033,137.72381591796875,4.579558007511092,6.4982627398003885,0.84392329688352,3.2710716547521312
C5 AIRCROSS BLUEHDI 13,115,132.98260869565217,131.17034912109375,4.555886044709578,5.771189401576011,0.6719532778485743,3.4259262089949747
ONE D,133,99.55639097744361,102.95012664794922,4.5056822927374585,5.134046747411758,0.6780487037927176,4.525758967858032
MWD300,131,77.0,81.48590850830078,4.4859048392026475,4.494782449890852,0.0,5.825850440522919
TIGUAN,3290,138.51337386018238,137.10142517089844,4.483936692443662,7.0513338002978445,0.8482824112468088,3.237186827150582
COOPER,582,122.64089347079037,125.17716217041016,4.4541711315666275,5.658116649425464,0.6973010783716944,3.6318808559785047
OMODA5,232,164.83189655172413,160.8924560546875,4.444377964940564,5.7567414597289845,-0.09954356391570962,2.696309426704874
MEGANE,3096,114.28779069767442,114.4889907836914,4.394058284217381,7.146387373315855,0.8355090672970706,3.8447311452900395
KANGOO,3077,123.29379265518362,121.82537078857422,4.3818677320161115,6.485746806666054,0.6885111015326684,3.5540051430414694
CROSSLAND X,772,111.88601036269431,113.31814575195312,4.365389314957851,5.738872262995282,0.4309661332275647,3.901639982341693
IGNIS,120,108.44166666666666,109.3014144897461,4.337594985961914,5.364435018441614,0.7085264528684165,3.9999338992963165
DUSTER,3603,130.3738551207327,127.58258819580078,4.329316578869551,6.211772395685829,0.7618407888550026,3.3206938422280965
C4 CACTUS PURETECH 110,161,105.07453416149069,107.87433624267578,4.327784188785908,5.185837712649832,-0.37056481160777266,4.118775518085542
HR-V,256,123.75390625,124.74191284179688,4.300561636686325,5.200360187546474,0.7565296918432312,3.475091629025912
FABIA,2305,114.23197396963124,112.91499328613281,4.278660349814856,6.41606455914583,0.6536950625774044,3.745589086075274
Q2,1012,127.53458498023716,126.95547485351562,4.273364802123059,5.266834399872733,0.6813203972675682,3.3507497615531205
CLIO E-TECH HYBRID,164,95.53048780487805,99.79078674316406,4.26028712202863,4.913384156858182,-0.2557474849576107,4.4596099317846125
N208 5P ACTIVE PURETEC,119,100.80672268907563,104.02171325683594,4.225367249560957,5.02004484225931,0.7190607681337025,4.191553040161336
GOLF,5568,117.37740481321839,117.33445739746094,4.221694129746536,7.295409546191331,0.857080650335011,3.5966838221244366
SPORTAGE,4319,139.9837925445705,138.89483642578125,4.195495435887394,5.942663950989735,0.9282760737888504,2.9971294245021673
MOKKA X,836,138.42822966507177,136.70654296875,4.186613940736324,5.995311161383806,0.7708156313142467,3.0243931825653414
520D,113,119.09734513274336,118.85521697998047,4.1744758133339674,5.741091246280481,0.6321097799078732,3.5050956078669815
NISSAN JUKE,2474,126.44300727566694,124.56319427490234,4.166173205610813,5.881824034487651,0.8725943690771947,3.294902023745653
GRANDLAND X,547,113.87751371115174,116.40309143066406,4.16217110754149,5.753921941334304,0.8375429428453885,3.6549543205682924
Q5,953,147.7177334732424,146.578369140625,4.159212026365907,6.9181457061793505,0.8526401111667533,2.8156484184881614
C MAX,122,119.82786885245902,121.00160217285156,4.148730731401288,5.095974488118561,0.7280827504087419,3.4622419401529316
CLA 200 D,174,113.41954022988506,115.31995391845703,4.119337279221107,5.401114730559274,0.8126710570312677,3.6319467270558534
XC40,822,139.9160583941606,138.2478790283203,4.116693909730935,5.4896944555045275,0.9621948422363675,2.9422597784549547
GRAND SCENIC,238,131.2310924369748,131.75186157226562,4.1138705405868405,4.91567703030768,0.8703510976308382,3.134829150768956
LEXUS UX250H,206,109.02427184466019,112.588134765625,4.102685798719091,4.724060739378724,0.872003062430246,3.7630939691710794
LODGY,700,121.6,122.64332580566406,4.09533442905971,5.021140084693761,0.8964581543416512,3.367873708108314
CB500XA,215,81.77209302325582,85.82096862792969,4.081349820868914,4.296026952057901,-27.78860612988612,4.991127987525262
RENEGADE,866,128.47921478060047,125.87451171875,4.0750806425239965,5.905108885997633,0.9376498347393817,3.1717820267526315
TWEET,327,58.1131498470948,54.351173400878906,4.06853794249555,5.700338023402271,-2.2151557912632636,7.001062501689442
C 220 D,494,117.31376518218623,117.95809173583984,4.06237721925805,4.9785243082522195,0.30708069978411723,3.462830822068705
YP125RA,201,56.49800995024875,54.36991500854492,4.061848548395716,11.878893579624261,-41.59536776169968,7.189365699734407
NISSAN QASHQAI,5479,123.51834276327797,123.9755859375,4.0558478767407555,5.573338859675971,0.8916576975342885,3.283599654922313
MG ZS,1091,149.54262144821266,148.19760131835938,4.049843834475789,5.390122414408276,0.6602240390303402,2.708153565355459
NUEVO C3 PURETECH 83 S,648,121.38734567901234,118.28532409667969,4.0317794187569325,4.172590406700886,0.5930564855415112,3.3214165745235666
VITARA,593,124.34064080944351,123.99117279052734,4.029333182169253,5.057438901835755,0.6955598820433281,3.240560090360441
A4 LIMOUSINE,612,116.37091503267973,115.74956512451172,4.006010055541992,5.9738375439016425,0.6890124691129701,3.442449562605062
GPD125-A,555,51.88343063063063,49.467105865478516,3.9912418934315177,10.150483732333804,-802.8647846936352,7.692710071248049
207,240,118.39166666666667,116.8636703491211,3.9849209626515707,10.44984309631565,0.40414015105710166,3.3658796052522595
BERLINGO TALLA XL BLUE,111,123.05405405405405,125.39808654785156,3.982273273639851,4.714467818727392,0.8824272260749113,3.236198355472754
TOYOTA YARIS CROSS,1177,107.10790144435005,105.31429290771484,3.980802317240933,4.537418165083812,0.2816939210542483,3.7166280578368296
PICANTO,1181,110.19983065198984,111.45948791503906,3.9546743291197544,5.66894307743441,0.5229600723459138,3.5886392072675535
RIO,1877,113.52743740010655,115.41680908203125,3.951970303128486,5.350392903036735,0.5494214162351243,3.4810706500847846
ASTRA+,601,111.02495840266224,112.42720794677734,3.9471853322871713,5.119085647921901,0.8309781062463215,3.5552234282057817
A 180,220,131.24545454545455,131.10983276367188,3.876945738358931,5.215434877742984,0.6087947315422608,2.953965721545213
TALISMAN,117,109.26495726495726,109.95560455322266,3.844683133638822,4.301295686277427,0.8768890279408775,3.518679025623766
FIESTA,3117,112.13987808790503,112.99938201904297,3.823087717349383,6.207973855616281,0.7200965810597842,3.4092133704234215
TOWNSTAR,100,153.14,155.52145385742188,3.822187652587891,4.328577954346353,-3.181900523804406,2.4958780544520645
COMBO LIFE,353,119.58640226628896,120.60030364990234,3.8149281574713947,4.751935518443274,0.8619434727140476,3.190101955719435
C-MAX,618,120.00161812297735,120.6839828491211,3.8022068603910673,4.907337080869364,0.8004819502089342,3.1684629923028
CEE D,388,117.21907216494846,115.26105499267578,3.7761982593339742,4.824887007221841,0.8574610933870201,3.2214879281932713
TOYOTA AYGO,747,97.66666666666667,99.73245239257812,3.7714157359826674,4.800303282295778,0.47655227567483704,3.861517818412287
TOYOTA COROLLA,1843,97.4508518719479,98.61064910888672,3.7588375803160394,5.069383306259745,0.8465776488632798,3.857162362475001
SEAT ATECA,843,145.3546856465006,144.46730041503906,3.7506760385678475,4.63301056661188,0.6830195054033161,2.580361287897804
TRANSIT COURIER,991,115.14127144298688,116.77098846435547,3.740375884486255,4.884729090114234,0.8318533148135536,3.2485101455027205
IX20,423,129.6193853427896,126.64649963378906,3.6998115521514388,5.304853519537827,0.8392930256216298,2.8543659132212125
KAROQ,768,133.23046875,133.6116485595703,3.6745519737402597,4.811135640680876,0.8218071089790712,2.7580417664335957
GLA 180,140,144.1642857142857,142.22262573242188,3.671996525355748,5.470693440637925,0.47197590152745683,2.5470916788872056
PARTNER FURGÓN CONFORT,116,112.63793103448276,115.88780212402344,3.647942641685749,4.339720955893322,-0.2966866024266994,3.2386449290949555
DOKKER,2385,120.5853249475891,121.1650390625,3.641365671857598,5.002253263071676,0.8875871129247568,3.0197419739427427
XCEED,1106,123.0361663652803,120.68997192382812,3.5834031786237444,5.172915820419584,0.9745790264215624,2.9124795452298393
LEON ST,1075,114.21209302325582,114.7093276977539,3.571139462493187,4.405764266196861,0.9161734988687383,3.1267612456467573
AGILITY CITY 125,1068,63.407303370786515,60.070430755615234,3.5477327818281195,6.1386548877515725,-0.21492931633625845,5.595148497456299
SCALA,224,119.875,120.90831756591797,3.5042455877576555,4.150290722251155,0.7106467786762385,2.9232497082441338
LEON,4355,113.54948335246843,113.15946960449219,3.5019657989046467,5.823659187526868,0.8220792570726885,3.084087831588111
I20,1708,117.95608899297424,120.75049591064453,3.5003611097849503,4.477267758929364,0.22903245323361132,2.967512012028002
GOLF SPORTSVAN,199,115.31658291457286,114.333740234375,3.4982396418125785,4.4962859026013104,0.7244273194049189,3.03359634269088
R 1200 GS,141,111.83617021276594,109.30640411376953,3.4844589882708616,8.390497411543043,-2.572102156294426,3.1156816096632713
AVENGER,157,123.36942675159236,126.04931640625,3.4736281959873856,3.832529799199831,0.6470985014273989,2.8156313014095695
SCENIC,273,121.55677655677655,122.80570220947266,3.4627008123712226,4.754788590667752,0.8623410942076931,2.8486283615408885
A1 SPORTBACK,1670,110.16467065868264,110.40924072265625,3.4475760271449287,4.411335101437252,0.8809970885801125,3.129475181590994
208 5P ALLURE 1.2L PUR,107,102.41121495327103,104.76982879638672,3.44095675744743,3.7186284565755816,0.11922651293398212,3.359941349214045
SUV C3 AIRCROSS PURETE,149,114.25503355704699,116.41829681396484,3.399074682453335,3.8007522752935423,0.8484036371811149,2.9749890019122818
A 200 D,535,109.7626168224299,111.37359619140625,3.3985354842426623,3.640071049323769,0.8915965205320193,3.096259530456251
LEXUS CT200H,130,92.4076923076923,91.15729522705078,3.38239505474384,6.669184898672418,-0.25824807774726843,3.6602959886514546
A1,197,107.10659898477158,109.7968978881836,3.3785645150896255,4.588437107753636,0.8143487737562681,3.1543943576903133
POLO,4421,111.16059714996607,111.3782958984375,3.3689579975548387,5.325168594088337,0.8237443721629576,3.0307123962367695
CLIO,5243,108.14247568186153,108.56053161621094,3.3633609984909194,4.8360829375428285,0.8933741552708705,3.1101202162094093
T-CROSS,1410,128.42198581560282,127.21041870117188,3.362825401793135,4.691983544105997,0.8133919531747068,2.6185745224510955
NSS750,100,85.0,88.34977722167969,3.3497908782958983,3.440336112342449,0.0,3.940930445053998
MAZDA CX-3,691,133.61939218523878,132.63430786132812,3.3034001970084117,5.6091929280718995,0.8145995581076475,2.472246088673157
KONA,1063,121.43932267168391,123.6707992553711,3.2807162222947475,4.136554783006776,0.8926972637822737,2.7015271084509385
KA+,602,115.5813953488372,115.96612548828125,3.2798630470453305,4.889933256933191,-0.14602746092675956,2.837708471286705
ATECA,1868,124.94700214132763,123.77497863769531,3.2450124712010777,4.097317269402669,0.811601582734478,2.59711110758035
SUPER DINK 350,104,89.9423076923077,87.74303436279297,3.2349895330575795,3.775326166612501,-261.1792451992628,3.596738416057176
2008 ALLURE PACK PURET,250,128.184,128.2849884033203,3.209294738769531,3.4026525625151183,0.396667140111575,2.503662499820205
CARENS,921,133.05211726384366,132.5992889404297,3.2036121960701047,4.295270540663936,0.9259864291332705,2.4077874609971897
IBIZA,7894,113.25728401317457,112.81829833984375,3.179931990974065,5.236228218851433,0.7159200503760585,2.8077063816965286
FIAT 500,2640,112.23560606060606,112.58973693847656,3.1730200680819425,4.604518126682159,0.6648561555239761,2.8271064588616777
FIAT FIORINO,134,121.88059701492537,121.57460021972656,3.1612470256748484,6.521653213420006,0.6052059178065246,2.593724598582107
IBIZA ST,177,111.5819209039548,112.19193267822266,3.1533900546488787,4.503979514382053,0.7982026848535282,2.826076150242286
NSC110MPD,208,42.0,41.75990676879883,3.1362761167379527,3.4459373690700925,0.0,7.467324087471317
PUMA,1152,120.09982638888889,120.27308654785156,3.132318119208018,4.28282172361901,0.8393248642160022,2.608095459743151
NUEVO C4 BLUEHDI 130 S,102,122.2156862745098,121.3158187866211,3.12974391264074,4.044491300732518,0.1620827618349976,2.560836508016649
STONIC,2003,123.10733899151273,122.25559997558594,3.110588321314415,4.312415844035638,0.610146921149469,2.526728582386843
SANDERO,8268,117.98869134010643,117.17562866210938,3.09450211268897,10.787940912831479,0.525760593654228,2.622710767906529
ARONA,3701,118.19346122669549,117.5267333984375,3.093165622598833,4.0549403697752355,0.7180074519474193,2.6170361629956247
KADJAR,1320,121.46439393939394,122.15719604492188,3.092638218041622,3.857645409530639,0.9265016571585939,2.5461274022284504
2008 ALLURE 1.6 BLUEHD,163,96.42331288343559,98.65026092529297,3.090416095008148,3.5694170041318753,-51.19066624474723,3.2050507316048105
C 220 BLUETEC,186,110.90322580645162,112.74617767333984,3.0777435302734375,4.184927737574805,-0.1666304747326326,2.7751614147317207
3008 GT LINE PURETECH,178,119.19101123595506,120.54234313964844,3.0695535895529757,4.937233049681069,0.31165666278032556,2.5753230530751776
ADV750,266,84.98496240601504,88.04488372802734,3.061995599502908,3.5681642661092785,-211.46485236923945,3.6029851785710583
118D,439,116.39635535307517,116.28617095947266,3.0497826856469783,3.965942997113805,0.8315427251946383,2.6201702591080345
X2 SDRIVE18D,201,124.06467661691542,125.9727554321289,3.048624484693233,3.4845810740217082,0.8583199348939266,2.457286447541163
T-ROC,2141,132.2232601588043,132.13218688964844,3.0412400204241137,4.074678435676129,0.8958619490767449,2.30007943895158
C3 AIRCROSS BLUEHDI 11,113,121.72566371681415,119.7552719116211,3.031584613091123,3.924382663512656,0.7000793818498798,2.490505716316226
TOYOTA RAV4,1852,118.98380129589633,119.48609924316406,3.0310135340845097,5.464976049900185,0.945214045076987,2.5474169601850223
116D,600,109.35266666666668,109.67073059082031,3.0114297002156576,3.9852198085420625,0.7607075030141639,2.753869468401006
TOYOTA YARIS HYBRID,1126,80.68383658969805,81.66089630126953,3.0036623736257875,4.383728284704372,0.28495072305788927,3.7227560073776957
KAMIQ,733,126.4856753069577,125.01460266113281,2.9918894748245384,4.0744165225743885,0.7038812396539882,2.365397874157502
208 5P ALLURE PACK PUR,122,117.09016393442623,116.09243774414062,2.968863815557761,3.506191932827061,-0.09793820543539078,2.5355364753100935
STORM,203,62.73970443349754,60.93415069580078,2.9506771799472746,4.5392432841951695,-2.2453815525590537,4.703046032158018
X-MAX 125,126,64.16666666666667,62.576812744140625,2.922665459769113,3.520523584737075,-4.7946377556472655,4.554803313925889
TOYOTA YARIS,2513,103.84440907282134,105.2208251953125,2.914284669304577,3.8980229942778473,0.8871805477711348,2.8063953517814544
COUNTRYMAN COOPER,115,138.10434782608695,138.0034942626953,2.9127256310504417,3.771991908019532,0.8715361910221913,2.1090759826898426
NSS300A,160,72.375,73.2283706665039,2.9030297994613647,3.6289920250676913,-12.378624119877996,4.011094714281679
NUEVO RIFTER ACTIVE BL,116,113.19827586206897,115.22772979736328,2.9012614283068427,3.744476568850401,-4.377760905508511,2.5629908284486613
MII,259,103.2123552123552,103.96550750732422,2.896588741582333,4.13170597039448,0.321802398063347,2.8064360469468213
PANDA,1267,116.22020520915548,116.52012634277344,2.869401981441073,4.6636021884606205,0.3443610624096899,2.468935566132549
TOURNEO COURIER,1194,121.10050251256281,118.93241882324219,2.8530133245778044,3.766606441574268,0.9190658959838666,2.3559054383625178
A 180 D,331,113.51057401812689,112.98048400878906,2.852059655319168,4.073748673188814,0.8896764793765107,2.512593808981807
GPD125-A (NMAX),386,52.0,54.58895492553711,2.838225369626376,3.1324987674946017,0.0,5.458125710819954
BERLINGO TALLA M BLUEH,755,125.4,125.75763702392578,2.8023887381648387,3.555424811609095,0.9572806134105667,2.2347597593021042
X1 SDRIVE18D,1024,122.5712890625,124.06280517578125,2.7875266298651695,3.782660624207916,0.8609436133409017,2.2742084636507243
LIBERTY 125 ABS,392,60.0,57.253807067871094,2.7461923287839305,2.936180529538987,0.0,4.5769872146398844
NUEVO RIFTER ALLURE BL,281,117.30960854092527,116.99111938476562,2.741537426714371,4.082989206346487,0.8361151503128681,2.3370101228817446
JET 14 125 LC E5,162,59.72839506172839,57.05802536010742,2.735176392543463,2.817545981316394,-6.8393930322359715,4.57935692013271
SH300A,229,70.67685589519651,70.23883819580078,2.725780087266947,4.179889983302887,-4.970817184561757,3.856679888687864
208 5P ACTIVE PACK PUR,160,116.70625,116.02982330322266,2.720708656311035,3.0450917553431456,-0.1782248821941883,2.3312450329875523
S9,156,80.0,79.84095764160156,2.7118094762166343,4.927571095991696,0.0,3.389761845270793
208 5P  STYLE 1.2L PUR,137,109.0,106.31925964355469,2.6807497678882015,2.691129596355779,0.0,2.4594034567781664
C 400 GT,103,81.0,83.66600036621094,2.6660072548875533,2.7462754982811406,0.0,3.2913669813426583
3008 ALLURE BLUEHDI 13,203,109.79802955665025,109.797607421875,2.6510153709374036,3.7834323689378366,0.7890165961532194,2.414447127732482
CAPTUR,3945,116.64613434727504,115.14171600341797,2.561587095079313,3.382100333906776,0.9363661797362267,2.19603256414228
2008 ALLURE 1.2 PURETE,177,105.01694915254237,107.0682373046875,2.5409252791754944,2.7791031467677914,0.23154389814199616,2.419538274231023
3008 GT LINE BLUEHDI 1,154,107.82467532467533,108.27938842773438,2.5375516321751976,3.06029384088129,0.6856609274683123,2.3534053077686266
C3 AIRCROSS PURETECH 1,365,134.35342465753425,132.1250762939453,2.4932618441647048,3.555960201570542,-0.09022591011247716,1.8557486350050314
CORSA-E,2615,120.26156787762906,119.01665496826172,2.490576201050505,4.835660341450317,0.676130853310178,2.0709660159967025
TAIGO,366,128.86885245901638,129.45538330078125,2.441852652961439,2.8422055037104674,0.6986049649227587,1.8948354131872254
"KONA, KAUAI",1049,116.78074356530028,117.67977142333984,2.4325481520253662,3.2686929680835473,0.9262743637191906,2.083004507215831
PEOPLE S 125,146,65.01369863013699,62.59037780761719,2.4233218153862106,2.6590311228952035,-0.18114136254694224,3.727401865216885
EXPRESS,180,133.48055555555555,135.43568420410156,2.3811560312906903,3.102098261405052,0.16545655042105367,1.783897303528705
MTN125-A,113,47.389380530973455,49.72616195678711,2.3367824385651446,2.4818464213091707,-24.906272339698887,4.931025500613657
JOGGER,418,119.60526315789474,121.89713287353516,2.3335194929935144,2.980454447116801,0.808283526064062,1.9510173978823664
CORSA GS 1.2T XHL MT6,147,115.39455782312925,117.6087646484375,2.294922861112218,2.645064940700436,-2.2228635214698977,1.9887617790691272
R 1250 GS ADVENTURE,193,110.0,111.89701843261719,2.180323190639674,2.598057024436628,0.0,1.9821119914906125
R 1250 GS,241,110.0,111.60936737060547,2.0893989657959997,2.684595003601802,0.0,1.8994536052690907
NUEVO RIFTER GT LINE B,214,113.42990654205607,114.77235412597656,2.07418402555947,2.7285250518234014,-0.04236261464854696,1.828604191603059
TOYOTA C-HR,2637,97.44610542282898,97.93562316894531,2.0399518187967356,3.117569289661785,0.9733143034376822,2.0934154422541247
ARKANA,340,132.5264705882353,130.52835083007812,2.0291981865377986,2.483914794563075,-3.3633734507653994,1.5311644364563162
3008 ALLURE PURETECH 1,285,119.67017543859649,119.0089111328125,2.0134046320329633,2.700804210288165,0.8523621630576006,1.6824615027543381
KA,549,115.1311475409836,113.8615493774414,2.010472601663002,3.633225520030064,-14.599752052203776,1.7462456030392017
C4 CACTUS BLUEHDI 100,254,94.80708661417323,93.37901306152344,2.004407116747278,2.112498615441655,0.31615029031589803,2.114195455561682
C3 HDI70 TONIC,102,99.06862745098039,101.06782531738281,1.9991894142300475,3.319576200540471,-1.2637530717154655,2.0179843666646695
SYMPHONY 125 SR E5,607,59.18121911037891,58.13455581665039,1.9733406645069405,2.172361009242611,0.06755728086273016,3.3344035391134175
CORSA EDITION 1.2T XEL,115,119.48695652173913,117.5201416015625,1.9668138586956523,2.026019587970768,-15.430202717728633,1.6460490048031442
AGILITY CITY 50,117,54.452991452991455,56.4141960144043,1.962371630546374,2.516523877704277,-2.352837423962191,3.603790311943585
SYMPHONY 125 SR,228,62.25438596491228,60.300235748291016,1.9541494302582323,2.092245572299318,0.6434510551944441,3.1389747083195503
208 5P SIGNATURE PURET,282,109.78368794326241,107.8933334350586,1.9434114550867825,2.281944957616714,-4.831699662289878,1.770218774296562
ADAM,336,119.55059523809524,119.56627655029297,1.9132424536205472,3.2031957242604268,0.0107956539296451,1.6003621310376255
NUEVO BERLINGO TALLA M,500,116.368,115.86383056640625,1.9056234130859375,2.4353204888315196,0.9039588909890562,1.6375837112315563
FSH125,131,48.541984732824424,46.677162170410156,1.8648261441529252,2.0072379531802538,-4.70476411617112,3.8416767555281215
TOYOTA AYGO X,181,111.1657458563536,111.66812133789062,1.8436592481412941,2.0071726307250644,-0.155579040273083,1.6584778287042106
PARTNER TEPEE ACCESS 1,117,113.0,114.28260803222656,1.6419797065930488,2.689851328583251,0.0,1.4530793863655298
GRAND DINK 300,136,77.91176470588235,77.4430160522461,1.5624387404497933,2.0595886421729412,-51.72733992970706,2.005395136855152
CAPTUR E-TECH HYBRID,209,106.96650717703349,106.4835433959961,1.5585640720203162,2.1895033704463227,0.34461479278812057,1.4570580204519865
SH125AD,1023,50.683284457478,50.12895584106445,1.5417877264386397,2.339094762133898,0.6143417949975065,3.042004366808865
ARKANA E-TECH,268,108.30223880597015,108.48509979248047,1.5207849474095587,1.8517420319926226,0.0016951796556471388,1.404204533697715
PARTNER TEPEE OUTDOOR,310,113.92903225806451,114.62503814697266,1.3969149927939137,2.1566882231847266,0.1864856817589089,1.2261273225157518
GRAND C4 PICASSO BLUEH,113,106.09734513274336,105.34353637695312,1.3914976541974904,1.6718839462745805,-0.03245174508974169,1.3115291927960333
N. BERLINGO MULTISPACE,315,113.64761904761905,114.96835327148438,1.331261698404948,2.1739243132754407,0.46293843498652476,1.171394270782867
WW125A,1078,47.283858998144716,48.17638397216797,1.2919209821768285,1.401111330613056,-0.2801316671414502,2.7322663791623265
BAYON,436,123.6697247706422,122.82228088378906,1.2600177274931461,1.7345729126282352,0.7351180562920285,1.0188570645159714
PARTNER TEPEE ACTIVE 1,279,113.45161290322581,113.6575927734375,1.2166929347540743,1.8510697841176742,-0.36745325215622393,1.0724333516456157
"208 5P STYLE 1,2L PURE",128,104.0,105.1926498413086,1.1926579475402832,1.1958659943075536,0.0,1.1467864880195031
MEDLEY 125,173,58.72254335260116,57.90070724487305,1.1739074398327425,1.275071945600363,-0.574107841375336,1.9990745850090013
PARTNER TEPEE ADVENTUR,174,114.63218390804597,115.284912109375,1.138928336658697,1.7433551097617883,0.5869952675733111,0.9935502385371168
SH350A,115,79.0,80.07635498046875,1.0763504028320312,1.0931773709871446,0.0,1.3624688643443434
BERLINGO MULTISPACE BL,527,112.9696394686907,114.04085540771484,1.0751842954805726,1.984545999619596,-22.716700621314814,0.9517462395536436
MTN690-U,148,98.97297297297297,98.00363159179688,1.0702638368348818,1.1909850578918544,-52.94032676995996,1.0813697969112679
2008 STYLE 1.6 BLUEHDI,116,97.0,95.96690368652344,1.0330927618618668,1.0608050257777217,0.0,1.0650440843936773
C4 CACTUS PURETECH 82,104,106.84615384615384,107.85549926757812,1.00934938284067,1.4921570898779895,-0.8156045354285282,0.9446754483030031
NSS125AD,773,53.39586028460543,52.71129608154297,0.8364136413337342,1.415633417674813,-2.3467642330566387,1.5664391150841346
C3 PURETECH 82 S&S FEE,313,110.0,109.59722137451172,0.8156848944033297,1.162503302338436,0.0,0.7415317221848452
LYNK & CO 01,322,25.211180124223603,25.857683181762695,0.8057350490404211,1.0938816260489606,0.9878751914612163,3.1959434071324906
NUEVO C3 PURETECH 82 F,235,109.0,108.27278900146484,0.727225965134641,0.7324390171385211,0.0,0.6671797845271936
AGILITY S 125,136,58.0,57.33962631225586,0.6603772780474495,0.6711601372823324,0.0,1.138581513874913
NSS350A,260,79.0,79.63817596435547,0.6381758469801683,0.6953808148265137,0.0,0.8078175278229979
C3 PURETECH 82 FEEL,112,109.0,108.45516204833984,0.5448437418256488,0.565991747930667,0.0,0.499856643876742
ADV350A,300,79.08,79.325927734375,0.4002300771077474,0.5007528111053121,-0.6325089702465649,0.5061078365044858
NSC110,313,43.48242811501598,43.354026794433594,0.23402270722313048,0.2702837823084245,0.707425353653645,0.5382006418871407
DTX 125,143,67.0,66.99593353271484,0.22236734670358937,0.34117797333178174,0.0,0.3318915622441633
