EMISIONES_CO2_COMPLETA,EMISIONES_CO2_CON_MISSING_PCT,EMISIONES_CO2_IMPUTADA
52000,,23672.834
110000,,112745.815
146000,,139975.635
109000,,108683.941
26000,,29222.782
0,,5043.293
39000,,31229.604
85000,,90876.819
128000,,122517.086
153000,,128663.217
1000,,691.93
110000,,105082.977
125000,,116023.909
131000,,133713.922
163000,,138322.572
108000,,114748.012
116000,,116895.124
113000,,108052.517
120000,,123029.682
46000,,53221.731
140000,,144621.356
0,,9767.461
0,,8907.182
135000,,125302.388
110000,,107247.23
117000,,108763.023
233000,,299852.425
199000,,215034.378
117000,,114318.738
116000,,133060.625
179000,,183074.2
0,,39057.367
160000,,165282.224
0,,682.512
119000,,114090.224
157000,,148560.085
119000,,116742.942
132000,,131101.908
134000,,154607.92
105000,,124144.142
124000,,123694.709
104000,,106201.582
67000,,56069.09
115000,,116847.344
156000,,177704.145
176000,,144369.542
99000,,109394.937
128000,,114830.961
147000,,143678.24
195000,,151840.939
145000,,157806.063
152000,,138437.896
99000,,99248.426
143000,,137231.805
197000,,182648.827
114000,,105194.273
114000,,116019.45
222000,,179969.352
0,,138328.718
0,,3860.844
131000,,126155.734
104000,,108048.601
130000,,125257.624
140000,,130457.584
189000,,225072.589
115000,,117123.229
0,,-1172.077
0,,-15471.946
113000,,116426.142
100000,,102150.524
113000,,112278.352
179000,,208847.744
155000,,157810.929
112000,,112321.899
130000,,133542.942
179000,,192108.049
88000,,93262.526
253000,,222855.777
132000,,133192.568
110000,,118484.668
170000,,179314.987
99000,,105710.908
147000,,156956.682
119000,,120517.198
98000,,97888.487
146000,,166997.485
127000,,131401.071
109000,,116307.034
0,,4213.668
117000,,120821.626
252000,,234797.014
114000,,109521.273
144000,,139904.646
144000,,138829.743
138000,,131702.725
134000,,128571.01
164000,,152145.994
99000,,103218.75
0,,2868.761
119000,,111859.164
0,,-10178.726
177000,,171881.0
147000,,135771.304
115000,,117905.913
0,,258.026
114000,,113540.351
135000,,137163.374
34000,,20869.131
140000,,120537.824
0,,-1066.064
114000,,116426.365
120000,,122172.478
181000,,169006.25
44000,,46841.024
136000,,130425.709
127000,,117254.2
114000,,117082.296
176000,,181037.976
199000,,170598.627
161000,,157772.871
140000,,132030.743
209000,,81773.867
119000,,137276.276
112000,,113965.836
223000,,212679.632
195000,,182169.381
110000,,116788.982
161000,,153993.565
134000,,137070.266
109000,,117590.116
113000,,111836.75
0,,160183.835
136000,,130778.747
0,,38094.465
105000,,105186.497
118000,,115315.629
0,,1046.624
207000,,215829.996
99000,,102438.397
195000,,212005.415
120000,,133353.726
0,,626.019
183000,,178147.822
129000,,124256.31
117000,,122852.222
134000,,139372.049
110000,,117983.107
113000,,114595.671
0,,2185.655
117000,,121558.077
0,,79497.651
113000,,113343.944
95000,,102291.956
78000,,92082.787
163000,,163433.652
135000,,121336.13
120000,,119428.665
117000,,109768.207
140000,,133572.71
111000,,113967.505
118000,,102806.237
103000,,111447.845
116000,,115062.094
155000,,158619.129
139000,,133211.393
63000,,62292.249
0,,570.771
140000,,151496.829
109000,,108011.954
0,,7639.557
128000,,143777.817
122000,,121694.795
115000,,124027.209
219000,,192656.359
109000,,118172.178
108000,,108429.377
149000,,156234.564
0,,7484.874
120000,,114328.394
115000,,110909.136
0,,-2093.285
130000,,133571.827
0,,9538.025
167000,,196554.976
165000,,179876.851
94000,,102310.07
0,,-25766.153
163000,,140534.798
145000,,140934.039
169000,,142461.416
0,,1969.292
135000,,138250.51
209000,,211713.515
152000,,148467.48
128000,,127145.952
154000,,116773.155
158000,,164696.741
114000,,132323.421
0,,-1244.563
0,,13607.799
120000,,119945.609
100000,,106159.572
139000,,139752.49
194000,,203212.37
115000,,110776.868
174000,,160164.53
123000,,130361.313
129000,,125990.787
139000,,152462.347
129000,,124936.13
119000,,118868.217
114000,,111088.825
0,,34365.916
224000,,126978.972
135000,,128633.45
117000,,121276.649
142000,,130488.601
119000,,109062.223
50000,,47100.47
228000,,205585.56
118000,,122001.19
118000,,114577.568
139000,,128803.429
159000,,150038.094
136000,,136931.295
177000,,163052.215
75000,,79951.077
0,,-1810.246
115000,,106538.104
203000,,183751.129
131000,,130548.196
131000,,126243.699
118000,,115522.005
0,,973.689
252000,,225647.877
67000,,66367.176
114000,,121090.055
104000,,116330.491
120000,,122032.429
113000,,113673.215
155000,,164820.201
0,,5345.804
0,,9408.661
113000,,113219.121
0,,-8285.942
137000,,129308.416
43000,,28287.571
19000,,23276.419
0,,3868.342
0,,43086.363
138000,,134498.871
99000,,106510.93
139000,,132730.204
99000,,113728.357
101000,,104472.596
119000,,118736.183
0,,6666.881
119000,,121352.488
0,,1391.428
108000,,107890.014
0,,2210.66
124000,,123694.709
118000,,110037.682
156000,,145372.119
109000,,140532.707
0,,4309.188
100000,,112703.59
114000,,116129.153
181000,,173581.553
109000,,107629.686
0,,-451.858
0,,1138.411
100000,,104148.04
169000,,191168.397
0,,5826.967
115000,,106538.104
119000,,121979.113
143000,,126946.119
115000,,112141.627
218000,,191803.754
0,,137179.086
199000,,197590.067
0,,6066.127
129000,,121400.46
150000,,153279.318
0,,4407.408
114000,,108082.038
119000,,120406.001
120000,,116076.589
129000,,132187.161
0,,137247.106
120000,,122114.425
212000,,178354.551
0,,-12013.745
0,,214.07
144000,,142362.24
113000,,112633.808
138000,,131070.291
139000,,143448.06
144000,,135220.134
116000,,111345.46
0,,27744.885
0,,-2003.21
194000,,200591.372
158000,,196894.489
116000,,114993.448
0,,11801.474
0,,1705.805
137000,,133523.903
159000,,160771.315
114000,,115696.623
162000,,146856.641
129000,,133220.261
125000,,131056.879
0,,4754.191
129000,,127153.064
112000,,109797.649
116000,,121872.459
116000,,119770.308
109000,,113246.377
190000,,189291.801
159000,,159767.87
125000,,129687.504
241000,,280236.944
129000,,120331.388
99000,,102850.207
144000,,146221.667
126000,,131873.652
0,,-541.76
113000,,111313.089
150000,,140269.949
94000,,75865.6
0,,-2599.002
119000,,116939.778
134000,,128406.243
110000,,111019.863
0,,1394.566
105000,,100410.515
95000,,95176.504
184000,,219590.584
109000,,112468.092
123000,,125258.112
146000,,142965.155
136000,,144959.255
69000,,61974.088
140000,,134220.954
139000,,135789.785
94000,,92189.561
0,,3254.615
136000,,109576.848
90000,,105903.021
221000,,224556.73
0,,5593.12
121000,,119689.607
0,,-1049.781
0,,103862.417
120000,,118168.659
0,,-4685.594
0,,209387.244
0,,7883.239
114000,,107515.552
123000,,118931.273
0,,840.81
160000,,145986.566
156000,,135505.807
143000,,129892.551
121000,,117235.573
0,,-117.651
153000,,139085.806
134000,,144876.94
130000,,123178.18
129000,,129200.669
132000,,133713.922
164000,,197044.519
250000,,211996.711
0,,-3731.322
115000,,117905.913
120000,,117756.546
32000,,26182.383
129000,,133914.198
0,,-27225.79
139000,,130454.211
0,,8392.726
188000,,166947.942
116000,,115538.829
104000,,108031.904
137000,,129586.761
114000,,115529.277
96000,,113083.733
304000,,268725.333
201000,,120121.018
211000,,191630.275
48000,,52887.273
130000,,127798.94
0,,8088.327
107000,,116775.478
0,,-710.1
159000,,153638.534
148000,,134160.006
92000,,88600.414
149000,,140221.23
0,,-1232.159
83000,,60519.012
0,,-11255.48
117000,,110931.896
210000,,175313.192
153000,,166983.999
97000,,100214.131
139000,,139510.391
147000,,148025.765
100000,,99710.066
101000,,107223.449
173000,,200864.013
91000,,90704.744
113000,,111921.124
159000,,192044.758
156000,,111146.917
0,,5043.293
0,,4440.075
0,,1992.835
107000,,106661.734
112000,,116350.265
164000,,154977.815
132000,,124904.977
0,,-4716.586
109000,,109740.227
146000,,103384.62
0,,108251.311
118000,,117789.159
104000,,108029.955
127000,,123415.492
108000,,107690.968
0,,86626.202
119000,,141287.331
0,,11736.149
127000,,133497.463
119000,,133302.368
171000,,166216.612
89000,,96779.656
0,,1242.059
94000,,104303.234
129000,,122971.336
0,,137968.737
123000,,119349.203
0,,631.319
188000,,192167.055
177000,,200425.902
112000,,107261.782
119000,,121539.743
56000,,58937.336
123000,,122402.956
170000,,167846.306
136000,,134759.923
0,,8673.865
0,,3802.198
0,,36.12
123000,,135393.586
129000,,129666.865
103000,,112902.392
183000,,187940.238
146000,,137718.639
180000,,180205.521
0,,4449.816
111000,,106142.165
114000,,114335.952
137000,,120345.22
114000,,123727.954
155000,,131161.845
0,,82.331
106000,,110629.958
130000,,130997.683
93000,,100769.407
87000,,80673.518
114000,,106503.363
147000,,146553.105
210000,,224136.657
0,,-1935.489
151000,,150386.413
130000,,135331.492
138000,,120790.536
125000,,144121.15
179000,,177882.121
114000,,106118.159
0,,615.261
124000,,128638.801
0,,46272.896
90000,,89392.143
185000,,183741.933
0,,-2158.762
134000,,149478.95
149000,,163382.664
109000,,115197.379
146000,,137785.633
105000,,104899.949
119000,,122502.512
128000,,116865.666
214000,,164723.002
109000,,112922.046
215000,,199161.175
52000,,54760.103
117000,,121704.991
199000,,202001.561
140000,,134073.683
149000,,152167.602
119000,,122762.072
119000,,114424.019
105000,,118387.055
154000,,151845.188
147000,,158674.72
163000,,166452.653
105000,,110365.24
17000,,22142.405
183000,,175604.975
160000,,161044.698
109000,,122606.07
140000,,126724.292
0,,1088.496
139000,,141376.909
166000,,186288.173
0,,-5409.203
0,,4745.113
174000,,190841.312
107000,,99204.145
94000,,92243.407
114000,,115269.616
134000,,139576.801
158000,,143922.069
120000,,121651.231
145000,,132902.586
60000,,55842.254
120000,,121042.553
95000,,100956.492
0,,-4531.603
139000,,142978.634
157000,,140051.808
88000,,93362.035
105000,,108429.604
0,,-676.555
112000,,113467.115
86000,,86335.586
119000,,125349.089
90000,,102828.375
154000,,154416.797
103000,,105967.78
124000,,110552.778
192000,,167459.712
208000,,205451.132
0,,4344.68
138000,,131258.093
0,,-1133.058
120000,,115010.077
158000,,154441.169
135000,,132428.427
0,,-316.634
109000,,122193.348
123000,,112140.024
109000,,108842.387
136000,,160330.681
0,,-2267.919
157000,,158075.545
119000,,121914.739
0,,-37.646
128000,,131078.523
120000,,128692.581
0,,-3054.564
201000,,198759.161
0,,1611.874
199000,,195628.045
95000,,98459.75
0,,30324.977
115000,,119376.766
118000,,127959.277
220000,,195512.997
201000,,170353.207
105000,,110806.324
115000,,112046.597
121000,,129141.181
248000,,245315.969
93000,,103564.011
207000,,217179.341
195000,,155878.953
122000,,143407.283
124000,,130047.411
187000,,142743.35
178000,,220754.42
0,,519.317
149000,,142612.744
128000,,130184.875
108000,,113554.531
49000,,51175.923
120000,,121936.803
109000,,105301.218
215000,,193831.775
0,,417.485
0,,170581.028
152000,,135017.003
140000,,137973.18
145000,,146469.75
134000,,131392.535
140000,,137697.126
108000,,113564.796
92000,,98331.331
99000,,113924.702
149000,,156229.755
0,,-3043.153
248000,,245191.479
109000,,108428.937
0,,-1779.041
163000,,161187.655
129000,,131712.204
85000,,96008.315
169000,,158737.002
104000,,113123.141
91000,,100351.833
119000,,131227.582
57000,,54154.0
0,,-2353.468
0,,-2719.803
148000,,140718.767
101000,,103308.258
139000,,136551.628
190000,,195053.623
0,,19.68
148000,,142039.975
151000,,154504.958
118000,,116813.273
149000,,157502.07
107000,,106980.232
0,,-840.856
130000,,119580.311
144000,,133900.183
174000,,184458.251
139000,,129224.088
117000,,127473.371
159000,,153708.89
0,,-1443.01
0,,387.882
139000,,123303.143
156000,,154518.048
149000,,155559.668
111000,,108639.679
110000,,114512.682
124000,,116298.913
62000,,68558.333
85000,,93958.916
0,,10608.53
140000,,130847.315
0,,-6365.682
0,,416.376
120000,,124371.986
0,,-760.712
110000,,115245.772
135000,,129783.551
114000,,114247.097
149000,,147683.196
135000,,130261.195
0,,4143.428
163000,,135057.898
112000,,118609.28
98000,,114442.223
0,,-868.14
120000,,123889.893
0,,1635.477
119000,,118161.465
99000,,107486.469
131000,,64273.984
125000,,118484.764
19000,,23247.562
97000,,104750.656
120000,,117616.642
113000,,112633.808
0,,-2155.835
120000,,117851.068
139000,,133870.188
118000,,117514.984
105000,,106338.194
0,,617.313
0,,3214.032
99000,,103548.673
87000,,97068.63
0,,137138.867
123000,,128194.307
199000,,150383.517
120000,,116651.11
102000,,52817.364
112000,,113467.115
90000,,94478.942
161000,,142845.472
112000,,120744.012
97000,,99866.019
0,,-4432.959
143000,,131569.15
99000,,108914.718
129000,,130434.482
0,,-6606.673
104000,,105539.871
161000,,154706.22
115000,,117972.436
139000,,147758.895
0,,-2032.278
143000,,130643.901
155000,,158922.704
0,,-8509.768
123000,,121766.604
90000,,97664.613
208000,,184463.198
118000,,118346.755
140000,,159857.285
0,,-638.117
106000,,109465.949
26000,,34264.822
104000,,103674.05
109000,,112959.508
0,,-1546.141
127000,,131624.234
106000,,116710.409
0,,19641.383
149000,,160978.396
135000,,137190.832
155000,,142705.74
120000,,124906.889
158000,,160503.474
149000,,153198.398
119000,,117851.998
112000,,110401.747
162000,,144491.025
114000,,111231.128
171000,,141129.489
99000,,107270.485
213000,,223072.571
0,,1026.692
85000,,92855.068
0,,4113.048
0,,-1567.599
95000,,100903.537
194000,,195708.042
0,,2678.867
204000,,197723.43
160000,,134304.995
159000,,158801.85
0,,-2060.815
102000,,105414.312
0,,5759.941
159000,,157850.818
321000,,241114.64
0,,-19093.669
185000,,158542.527
0,,136709.098
98000,,99928.383
120000,,128196.2
127000,,123262.125
119000,,121488.814
0,,1283.974
119000,,129669.911
168000,,138368.838
0,,1331.663
111000,,114748.673
0,,10549.369
117000,,119455.363
145000,,134682.752
132000,,124538.29
0,,-4619.134
119000,,123639.186
60000,,53851.478
105000,,111194.89
0,,-718.046
179000,,180500.585
129000,,142234.958
114000,,108082.038
0,,5457.741
105000,,125010.774
116000,,121872.459
102000,,103238.016
113000,,110401.685
136000,,146370.174
109000,,107278.384
125000,,114618.575
0,,1510.725
53000,,53723.35
0,,-2646.686
199000,,193504.063
87000,,96269.128
0,,-13190.331
118000,,112995.323
119000,,123927.936
137000,,133350.729
246000,,278470.481
0,,-2404.277
0,,11435.286
119000,,124613.591
0,,2271.791
117000,,116082.252
156000,,151934.771
148000,,141922.822
165000,,165482.066
175000,,169052.805
0,,-4940.043
60000,,53851.478
119000,,134323.235
0,,18550.258
137000,,129086.02
119000,,120218.996
0,,-23752.376
108000,,109066.484
138000,,130254.084
230000,,205888.506
110000,,114688.73
147000,,127113.893
105000,,110227.841
250000,,229126.699
159000,,135275.721
109000,,109608.506
94000,,93657.924
0,,-445.389
0,,-627.232
119000,,130409.344
133000,,136880.132
0,,-2658.276
99000,,110022.478
24000,,26011.547
148000,,148173.253
109000,,120107.624
256000,,233612.752
111000,,106123.368
143000,,128778.502
149000,,143430.983
174000,,163480.208
0,,-2502.879
130000,,129872.143
175000,,184210.658
131000,,129375.527
0,,2709.65
113000,,112705.005
119000,,120354.002
127000,,126348.634
119000,,115769.914
108000,,116915.876
140000,,137234.952
27000,,31614.405
0,,-9.538
111000,,113821.369
108000,,124148.289
119000,,133231.762
0,,-697.18
189000,,97907.535
132000,,131721.538
111000,,114973.869
162000,,125200.688
115000,,109018.821
170000,,153729.908
118000,,107787.141
93000,,44750.086
99000,,113925.877
115000,,118726.029
99000,,105215.332
134000,,144088.251
107000,,106980.232
0,,1023.247
140000,,122350.19
0,,-945.518
211000,,221628.911
136000,,141536.106
130000,,131163.632
124000,,128310.651
130000,,125981.134
0,,-1220.415
107000,,112645.208
122000,,122093.974
151000,,146727.727
114000,,107201.9
52000,,53658.811
0,,1415.619
119000,,113578.42
159000,,139100.84
94000,,106692.479
143000,,152695.418
159000,,172396.493
0,,-2351.014
100000,,98100.272
96000,,103823.904
110000,,112148.832
120000,,122978.426
127000,,117665.035
112000,,116816.341
98000,,98967.12
135000,,127724.33
120000,,110255.503
107000,,106661.734
123000,,131652.671
107000,,113090.049
86000,,86278.329
99000,,112742.42
115000,,123226.959
113000,,112867.574
111000,,109070.982
94120,,82042.311
93000,,92916.594
0,,1272.58
119000,,120541.546
0,,-4733.034
0,,134224.228
185000,,189254.376
149000,,150722.768
170000,,161970.443
147000,,137577.147
113000,,111550.783
90000,,106794.691
121000,,123183.966
0,,4749.531
115000,,105601.841
114000,,110180.936
0,,165070.888
368000,,192352.342
114000,,128784.529
149000,,162979.82
132000,,132630.07
142000,,139721.662
0,,7601.325
0,,-4381.34
131000,,149190.058
104000,,112874.221
134000,,119217.71
267000,,128452.477
115000,,117905.913
107000,,107102.949
130000,,137727.449
193000,,199641.799
192000,,203439.976
96000,,103458.525
172000,,173954.597
157000,,157089.793
170000,,176016.989
138000,,131262.063
0,,19238.629
224000,,212443.588
107000,,107204.872
148000,,134252.316
114000,,121090.055
98000,,98967.12
132000,,126061.961
114000,,133378.382
0,,15157.567
116000,,129367.819
218000,,243245.356
99000,,107315.34
135000,,125478.756
154000,,153138.435
101000,,102269.927
104000,,108840.254
110000,,115944.377
94000,,101737.669
107000,,107503.736
120000,,114483.692
114000,,118665.631
116000,,115660.012
112000,,104790.653
155000,,167304.587
194000,,194001.074
136000,,128987.294
0,,5281.672
68000,,67920.522
101000,,109317.987
111000,,114519.549
244000,,217311.924
169000,,193273.018
0,,875.387
131000,,123269.946
119000,,119814.234
0,,19.68
113000,,111601.881
127000,,135517.012
215000,,211947.739
99000,,113186.441
0,,-2386.137
169000,,153638.534
119000,,125896.478
119000,,121040.593
146000,,138725.178
114000,,116465.583
120000,,128936.12
113000,,112554.075
96000,,99224.659
142000,,144510.003
149000,,159566.007
192000,,188008.154
0,,1504.835
88000,,92797.118
114000,,113202.042
134000,,125707.561
203000,,183751.129
95000,,97804.961
0,,25944.099
94000,,96176.993
104000,,108947.236
50000,,7165.058
121000,,135203.926
112000,,118741.192
110000,,111082.333
120000,,117498.973
229000,,257608.286
134000,,128406.243
157000,,132344.585
129000,,131282.727
141000,,136530.322
170000,,135850.554
82000,,97667.23
155000,,157326.242
156000,,157269.622
149000,,144928.411
119000,,117792.786
120000,,118625.411
152000,,155208.588
0,,968.577
191000,,187647.898
212000,,204507.379
112000,,118848.484
127000,,129986.581
183000,,190442.044
110000,,116274.222
211000,,194736.739
0,,182.703
123000,,119091.872
120000,,120400.087
129000,,128579.967
109000,,100525.103
123000,,120113.636
0,,-9220.59
146000,,128458.419
116000,,113645.38
240000,,159796.764
112000,,106210.784
0,,4143.428
105000,,100788.555
116000,,115029.102
0,,7642.571
106000,,105174.306
0,,37770.105
107000,,110384.101
141000,,144371.879
144000,,132863.149
119000,,119003.531
132000,,137097.641
155000,,160923.219
0,,-2756.801
120000,,133403.342
118000,,121493.866
0,,-6.194
0,,-2612.326
0,,3247.275
157000,,153021.881
124000,,119143.557
66000,,54629.011
105000,,108125.438
110000,,112811.972
133000,,131698.734
0,,94113.065
95000,,103494.739
152000,,142363.22
130000,,131387.292
97000,,104296.063
116000,,120656.746
97000,,104296.063
114000,,116033.644
159000,,238638.089
119000,,126989.567
110000,,114410.87
144000,,149088.111
150000,,153085.776
159000,,207056.268
133000,,129419.393
85000,,90876.819
149000,,180532.122
0,,3447.715
101000,,99702.575
149000,,155384.545
149000,,146116.58
116000,,118308.768
0,,-2347.624
105000,,110686.372
0,,124429.171
119000,,121979.113
190000,,194957.609
134000,,145421.323
120000,,123664.511
139000,,143985.364
102000,,117570.491
143000,,146959.839
0,,-687.615
117000,,120374.9
158000,,171785.487
122000,,116737.478
253000,,233080.873
101000,,121747.267
118000,,123049.445
151000,,138041.049
108000,,107269.305
152000,,152686.577
125000,,108010.527
103000,,117474.692
131000,,133860.336
95000,,97325.971
146000,,154307.858
0,,91.232
74000,,75458.468
0,,-954.475
122000,,119689.607
113000,,112412.841
0,,971.479
119000,,134573.744
128000,,122621.991
0,,-1121.372
151000,,145695.045
60000,,56361.321
0,,-724.493
115000,,112514.521
108000,,104175.098
0,,155226.847
165000,,169408.728
144000,,116479.671
156000,,159378.274
137000,,126722.326
119000,,125607.606
103000,,109732.6
71000,,58740.73
145000,,134138.125
119000,,121434.433
120000,,120947.295
101000,,107943.376
105000,,107618.151
117000,,119882.461
140000,,138185.514
114000,,113887.048
147000,,148265.255
140000,,116284.72
56000,,58937.336
136000,,130698.723
0,,-2635.901
120000,,118138.518
143000,,132863.149
139000,,139838.209
166000,,164527.146
183000,,162586.021
109000,,112455.141
147000,,157860.124
139000,,131817.503
0,,3431.933
134000,,136375.667
0,,33667.186
156000,,145923.882
118000,,106820.475
135000,,132514.626
111000,,107312.953
107000,,112808.155
0,,-2685.337
90000,,90303.996
137000,,125468.369
143000,,137451.172
148000,,144323.867
104000,,103181.188
159000,,172585.611
134000,,124748.807
108000,,104558.84
190000,,196610.845
132000,,126652.02
125000,,116115.75
235000,,224415.887
137000,,135959.597
213000,,233659.805
177000,,172583.148
125000,,127426.604
135000,,153892.743
155000,,139575.534
126000,,121913.628
139000,,129654.858
154000,,150982.089
146000,,136162.361
131000,,130999.641
117000,,120469.531
133000,,129457.31
127000,,130174.467
139000,,146892.334
0,,2874.056
129000,,139480.999
127000,,124709.683
231000,,198002.556
86000,,86996.773
121000,,121952.955
0,,-2858.31
108000,,104143.009
0,,-2530.107
117000,,114209.505
115000,,84894.204
127000,,124962.227
112000,,126384.524
112000,,113058.855
204000,,201307.008
117000,,110765.069
94000,,106692.479
99000,,112515.496
146000,,131079.012
99000,,105160.749
110000,,109510.06
150000,,128218.269
95000,,98478.397
114000,,114778.048
0,,39684.765
229000,,179273.303
142000,,123114.003
127000,,119449.209
138000,,158552.088
154000,,149343.267
142000,,137585.498
114000,,130141.147
104000,,109430.653
218000,,200262.145
0,,84198.34
211000,,174749.011
0,,176638.967
127000,,137019.42
0,,174856.551
213000,,207217.472
165000,,181022.225
127000,,123327.336
115000,,122145.915
110000,,116151.885
0,,-5.107
88000,,95721.697
215000,,201051.844
143000,,140515.247
0,,-1534.013
146000,,127386.736
119000,,127869.158
131000,,133081.881
47000,,57091.823
140000,,146225.064
156000,,138615.151
76000,,83524.456
72000,,77473.366
0,,150738.974
0,,-21744.965
142000,,138092.314
115000,,124391.143
0,,2934.308
111000,,113026.747
111000,,114336.579
0,,-7623.914
159000,,146249.123
107000,,109976.946
195000,,122486.753
127000,,132379.327
84000,,83946.581
117000,,121804.795
159000,,152849.882
0,,-913.012
183000,,159141.586
116000,,113943.097
143000,,145115.28
152000,,142317.577
99000,,102848.306
132000,,137211.358
104000,,105596.662
129000,,123707.298
130000,,129472.211
117000,,119227.187
116000,,134747.27
180000,,116728.033
119000,,132149.344
0,,-5051.106
104000,,101259.475
111000,,112123.241
59000,,53894.478
103000,,109435.875
116000,,114819.046
129000,,131139.771
0,,671.658
117000,,115724.211
149000,,147683.196
187000,,189762.544
146000,,140718.767
117000,,120639.531
0,,-2017.634
119000,,124540.523
120000,,121222.623
122000,,137842.817
120000,,130621.042
119000,,122513.316
103000,,102909.957
134000,,138634.957
177000,,176785.396
88000,,93036.37
158000,,133867.128
139000,,137853.875
137000,,135685.763
117000,,110072.909
115000,,114416.24
139000,,168660.041
106000,,107181.726
129000,,121807.725
116000,,116581.373
114000,,115246.446
108000,,109479.475
131000,,126223.348
0,,-163.265
115000,,122397.952
119000,,121979.113
123000,,119424.673
0,,761.043
118000,,133966.821
137000,,133216.024
139000,,143806.663
173000,,187921.767
119000,,123738.981
137000,,133810.451
119000,,116545.25
133000,,126939.679
218000,,234700.873
118000,,133859.643
123000,,120200.815
94000,,95457.735
136000,,130233.613
0,,9811.545
179000,,178403.077
138000,,124071.305
153000,,130815.964
142000,,135686.824
144000,,147268.904
119000,,136936.337
117000,,108841.679
115000,,108114.708
89000,,99925.425
33000,,35008.755
145000,,132728.177
170000,,161252.821
221000,,177530.479
50000,,53395.74
139000,,138223.516
0,,435.738
106000,,106857.319
133000,,131535.408
163000,,140383.943
194000,,197246.095
104000,,99488.549
119000,,107899.516
114000,,107551.435
113000,,114222.317
119000,,116771.407
86000,,85983.491
119000,,114443.832
104000,,102576.052
118000,,117945.036
184000,,185470.477
147000,,136840.512
111000,,109536.803
127000,,130174.467
109000,,110776.89
124000,,120383.681
134000,,129222.016
146000,,149283.98
195000,,195617.808
224000,,186930.642
0,,-10932.54
179000,,171617.474
237000,,239624.949
114000,,115860.131
149000,,135246.508
97000,,107298.721
0,,1006.109
149000,,152941.986
114000,,116063.606
172000,,142430.942
140000,,136495.883
125000,,125900.32
173000,,187921.767
116000,,115546.291
86000,,89783.443
120000,,121028.519
147000,,137150.143
262000,,248185.367
119000,,118382.342
0,,19.68
0,,514.86
134000,,120460.451
0,,-952.689
107000,,108972.364
70000,,51760.263
149000,,139389.325
175000,,172128.052
0,,-6801.717
0,,-12652.24
119000,,124944.751
108190,,97869.356
127000,,118458.039
140000,,135420.626
0,,-213.75
104000,,108082.038
119000,,138388.143
0,,-5507.342
168000,,129544.938
126000,,117635.928
93000,,103063.686
129000,,121010.384
119000,,112283.066
154000,,154334.372
149000,,160978.396
101000,,106898.523
119000,,127365.069
0,,25384.048
113000,,112822.844
203000,,148188.937
148000,,127511.821
0,,-665.254
123000,,127140.052
117000,,121910.172
125000,,180960.361
111000,,107863.692
0,,7387.777
152000,,144110.719
108000,,109314.104
85000,,99738.213
115000,,123534.469
105000,,107158.601
108000,,110539.232
0,,2213.872
114000,,115269.616
201000,,172472.28
129000,,133591.91
0,,2332.742
153000,,151798.099
1000,,4532.535
0,,-1031.073
0,,-1841.746
80000,,65240.674
63000,,52538.598
0,,6045.192
0,,-2808.361
179000,,177820.807
96000,,103471.477
140000,,135958.262
139000,,118715.569
154000,,159842.967
152000,,150435.177
98000,,96927.144
111000,,103006.023
139000,,155436.877
119000,,111876.168
165000,,148171.811
140000,,134220.954
135000,,119528.682
164000,,168405.852
0,,-3322.405
121000,,119840.895
0,,-2412.815
0,,-1378.187
159000,,157630.393
141000,,126543.016
153000,,155585.857
86810,,47517.802
120000,,136180.939
147000,,127558.212
120000,,116420.613
163000,,173142.79
0,,3092.687
0,,-5868.182
70080,,59873.086
104000,,105676.774
225000,,191440.173
0,,32603.903
187000,,183637.215
87000,,80673.518
0,,-3153.977
203000,,202018.461
131000,,131745.21
111000,,116477.394
95000,,102842.087
139000,,129200.459
152000,,138093.763
107000,,115288.979
129000,,126228.838
104000,,108029.955
110000,,111695.762
119000,,111042.593
175000,,196388.03
146000,,147828.831
0,,-313.339
0,,-1845.491
0,,-8761.941
158000,,161703.655
129000,,124607.018
153000,,144289.991
0,,31545.078
108000,,106349.076
21000,,28421.731
0,,98131.788
128000,,133513.725
185000,,167530.802
129000,,123927.821
43000,,47908.361
87000,,81392.845
138000,,138140.912
0,,-20689.156
137000,,134327.043
285000,,215159.638
135000,,126242.316
146000,,117389.157
114000,,113808.872
114000,,117890.324
167000,,176943.675
0,,2913.941
185000,,180190.382
112000,,113015.326
0,,17300.634
130000,,124565.234
0,,2490.57
179000,,150928.564
137000,,135080.582
143000,,146959.839
89000,,101329.267
111000,,108920.105
189000,,185591.087
168000,,161419.461
149000,,150035.331
129000,,121460.829
0,,-3383.217
98000,,112689.937
0,,116.124
159000,,140944.343
2000,,143013.381
99475,,96882.073
119000,,137253.1
0,,408.739
128000,,132117.649
129000,,122228.61
117000,,115318.869
79306,,76272.406
190000,,229214.282
0,,-403.947
0,,15523.402
110000,,114700.748
206000,,187196.219
0,,-2390.8
106000,,106447.078
114000,,117638.528
0,,9031.422
174000,,174988.985
106000,,105728.833
134000,,142907.285
180000,,187197.163
120000,,116599.507
149000,,141365.309
115000,,116415.701
146000,,141181.554
134000,,132752.489
65000,,65210.115
141000,,145917.468
102000,,103759.372
118000,,119730.483
137000,,134434.917
120000,,121551.859
137000,,129556.416
0,,-1748.286
89000,,95428.044
221000,,206607.674
173000,,192198.755
0,,-217.322
0,,-2641.359
0,,66905.044
111000,,109536.803
119000,,114929.053
118000,,135353.918
169000,,169996.984
139000,,134948.518
95000,,102489.992
119000,,125091.016
229000,,211727.639
0,,840.661
89410,,87749.129
0,,3767.457
149000,,135605.034
107000,,108343.454
178000,,175069.379
0,,908.578
0,,-4133.313
102000,,102892.787
119000,,116848.639
121000,,122768.958
125000,,123485.559
133000,,132618.961
274000,,301873.064
128000,,119660.355
119000,,121914.739
64000,,68844.466
110000,,111619.726
0,,-1080.684
189000,,207653.052
0,,8140.93
112000,,109489.513
110000,,115225.186
0,,-4271.211
0,,2234.04
115000,,122181.543
129000,,121048.365
149000,,143309.434
111000,,111417.343
212000,,197231.225
99000,,108741.894
140000,,109526.303
62000,,44639.514
137000,,133698.952
119000,,116963.657
121000,,124928.923
0,,-223.433
198000,,205409.381
184000,,191110.891
191000,,180078.769
183000,,192668.01
140000,,133857.078
112000,,116878.465
104000,,104133.432
114000,,117380.997
149000,,143930.244
0,,-3178.116
110000,,115447.167
133000,,144852.9
119000,,140163.276
128000,,127797.429
120000,,107175.039
119000,,110268.5
179000,,176815.749
0,,-1564.023
141000,,131193.758
0,,-2039.718
91000,,87110.341
151000,,142730.72
0,,67744.933
0,,-2970.911
185000,,163719.881
146000,,141503.47
112000,,120019.364
162000,,149577.139
0,,414.322
0,,402.977
99000,,101095.593
123000,,120465.731
114000,,105659.364
103000,,103485.636
89000,,104116.019
162000,,157416.163
0,,2730.674
138000,,134903.828
134000,,120308.506
118000,,124240.448
108000,,120197.241
0,,689.279
115000,,125415.135
149000,,160436.446
129000,,131572.17
115000,,109558.126
196000,,193614.172
122000,,114455.926
114000,,119540.782
136000,,138670.957
113000,,109186.951
0,,-1348.367
77000,,34486.644
90000,,90198.915
208000,,177030.696
192000,,192584.196
22000,,23245.88
105000,,105980.684
119000,,107654.647
199000,,179166.162
135000,,130433.1
120000,,124708.094
143000,,145115.28
130000,,132088.79
119000,,122905.283
143000,,131816.885
149000,,136930.76
0,,285.239
0,,3404.095
0,,-1999.259
178000,,169998.409
0,,2756.931
0,,36841.728
99000,,107644.436
119000,,111877.811
128000,,133597.025
174000,,169547.48
129000,,142025.935
201000,,195384.788
207000,,205249.84
104000,,105676.774
120000,,122434.071
106000,,106707.562
109000,,101934.115
104000,,117715.059
0,,4672.246
129000,,134733.475
0,,-1329.55
0,,-637.933
113000,,117739.65
0,,-4075.357
174000,,175875.143
109000,,113610.21
145000,,127873.944
74000,,74382.216
0,,33281.026
172000,,171517.963
209000,,212729.435
200000,,204115.767
139000,,119151.594
0,,-2959.254
0,,-394.833
139000,,136204.263
119000,,137033.313
118000,,122883.613
108000,,109047.838
100000,,102485.649
0,,2389.714
111000,,105091.324
135000,,138720.382
172000,,173629.039
118000,,122171.21
0,,6331.149
99000,,104884.478
0,,6096.142
155000,,144036.877
0,,4229.613
86560,,67309.099
155000,,142887.816
152000,,133047.179
0,,365.945
193000,,175743.086
0,,8206.26
112000,,111313.089
117000,,109167.016
87000,,97068.63
0,,2654.695
120000,,117419.088
149000,,154630.011
129000,,126069.745
123000,,112732.256
0,,-522.627
138000,,120661.322
119000,,120876.906
120000,,138234.716
174000,,155317.986
97000,,104296.063
103000,,105174.102
108000,,111681.335
220000,,62486.087
115000,,125415.135
110000,,115163.62
0,,372.968
131000,,131041.419
114000,,110158.443
165000,,154244.987
0,,-1261.162
34000,,33408.781
0,,-3218.622
119000,,122959.556
124000,,122985.771
0,,-1619.489
165000,,158952.058
118000,,118546.645
110000,,111873.846
121000,,126014.342
113000,,112889.367
116000,,107008.608
112000,,113028.709
149000,,146997.285
100000,,107830.61
0,,1678.315
127000,,127740.236
109000,,112662.235
145000,,144623.719
99000,,112882.821
218000,,185492.495
0,,165238.543
115000,,105868.107
96000,,99746.639
159000,,158595.713
70000,,71676.661
179000,,144970.608
367000,,259337.915
136000,,125895.397
117000,,124011.445
125000,,127241.056
35000,,28502.419
112000,,129341.209
129000,,129205.181
172000,,178693.106
139000,,142837.387
0,,2109.258
0,,103813.256
118000,,105261.339
105000,,108723.692
128000,,127010.433
0,,304.728
0,,-3693.248
149000,,147691.273
115000,,126843.728
133000,,126115.406
100000,,106185.194
0,,170462.069
0,,1297.695
145000,,143929.572
120000,,119697.639
119000,,119407.861
120000,,134586.649
109000,,114568.57
163000,,166816.611
0,,1861.883
177000,,175773.432
99000,,101943.891
121000,,128819.712
131000,,132214.937
0,,-853.784
129000,,125200.916
113000,,115474.215
79306,,76272.406
115000,,115739.372
63000,,52680.709
117000,,124593.312
148000,,140791.432
130000,,140541.086
0,,126802.88
0,,82250.955
147000,,149124.413
0,,-3301.142
174000,,164351.36
131000,,124897.536
119000,,126966.183
111000,,111301.241
0,,956.875
134000,,124895.785
115000,,119133.9
0,,-1331.774
0,,-4164.344
135000,,132842.361
193000,,194728.616
124000,,117809.37
254000,,207280.349
178000,,191436.292
0,,411.256
99000,,105387.67
0,,100105.836
119000,,119530.297
115000,,114253.024
0,,6163.939
0,,-1530.428
0,,-4255.081
237000,,208314.975
125000,,130186.183
99000,,107222.503
118000,,113144.684
109000,,105936.538
0,,140607.679
137000,,137710.109
0,,1704.167
149000,,142451.065
210000,,250142.44
0,,-4516.35
0,,5843.032
134000,,119342.944
0,,-2602.057
173000,,163262.61
0,,-1286.819
183000,,172571.428
133000,,111840.117
153000,,150340.5
109000,,106279.935
160000,,155416.164
0,,2100.434
107000,,112634.078
129000,,136215.588
177000,,152800.289
0,,-932.747
119000,,121386.304
166000,,130174.841
119000,,123310.393
0,,19279.378
120000,,121694.795
115000,,119133.9
0,,-703.416
149000,,138881.223
126000,,131497.696
174000,,158666.789
125000,,149190.058
120000,,115010.077
103000,,107564.011
0,,302.292
0,,2909.894
130000,,127822.388
0,,-5338.701
0,,-1276.615
90000,,104244.152
110000,,106855.407
99000,,102113.471
156000,,149606.455
135000,,134980.079
101000,,104204.308
159000,,150595.563
136000,,135047.832
0,,27401.668
55000,,62512.614
0,,128.955
0,,-1084.221
167000,,171833.935
0,,-409.32
104000,,101997.602
159000,,161322.546
119000,,117513.057
902470,,234089.631
135000,,126246.775
222000,,237654.929
185000,,162603.057
133000,,131392.535
139000,,142978.634
99000,,111739.974
275000,,294888.839
144000,,141106.601
93000,,76287.234
114000,,130857.522
0,,-529.826
129000,,122707.904
148000,,143750.575
84000,,90347.442
105000,,117315.858
116000,,127877.994
0,,14155.832
0,,656.892
0,,2895.729
112000,,106902.209
0,,297.566
0,,-1029.883
0,,-1971.852
125000,,121004.901
145000,,136011.881
0,,-3863.638
136000,,129744.102
118000,,122295.484
179000,,165025.178
139000,,130114.249
92000,,98732.063
140000,,128575.157
90000,,90198.915
98000,,99114.391
0,,-4736.902
128000,,137217.777
119000,,137185.545
89000,,50686.903
178000,,180407.369
126000,,118064.493
143000,,146959.839
120000,,120662.076
0,,27.148
90000,,-5216.654
123000,,120312.862
139000,,142989.478
95000,,94176.354
112000,,114715.841
118000,,133320.159
126000,,118334.946
0,,-150.569
153000,,149980.274
110000,,107587.201
122000,,125880.716
90000,,91562.118
113000,,114889.63
99000,,108957.427
129000,,130409.488
152000,,126295.847
0,,4096.681
109000,,113442.159
115000,,114513.756
0,,-678.7
199000,,185408.406
106000,,112517.05
110000,,107866.418
104000,,107334.948
129000,,136800.481
64000,,68547.976
148000,,146994.248
119000,,113255.421
119000,,120508.676
126000,,122543.662
178000,,232111.403
105000,,116007.602
0,,-170.639
143000,,143331.488
120000,,116320.29
90000,,89325.619
0,,-1715.615
124000,,119487.54
0,,5881.792
110000,,114858.378
0,,-145.612
134000,,135606.097
119000,,119691.311
143000,,133652.539
119000,,117264.606
120000,,130104.793
0,,95855.338
123000,,133393.506
139000,,130544.943
0,,-2160.214
117000,,115028.15
0,,165814.038
102000,,109761.496
0,,5984.176
107000,,104942.226
107000,,108504.111
79000,,88123.273
149000,,141129.814
117000,,115842.901
129000,,135260.759
123000,,119500.492
96000,,96137.313
139000,,155470.545
0,,912.62
195000,,190375.733
178000,,182918.598
0,,691.866
110000,,111695.762
119000,,137276.276
102000,,106568.196
120000,,122361.655
93000,,104292.396
79000,,101844.301
115000,,108376.738
115000,,115147.713
139000,,153149.275
129000,,135255.924
76000,,61853.826
112000,,110249.68
146000,,135172.466
0,,5825.65
195000,,201436.47
319000,,248419.163
115000,,116082.252
111000,,114528.01
109000,,119319.878
93000,,97171.567
99000,,90319.936
90000,,92446.224
108000,,119426.347
127000,,114391.264
133000,,117274.995
0,,840.661
101000,,107130.391
216000,,224390.73
110000,,113867.046
133000,,129503.682
25000,,26849.666
179000,,143523.808
0,,1152.305
98000,,99679.494
235000,,139600.798
106000,,105794.713
0,,-1548.449
138000,,124269.927
102000,,107001.053
167000,,153898.443
165000,,149307.09
140000,,132993.196
120000,,116898.73
145000,,131047.678
135000,,153085.629
140000,,137771.825
222000,,204149.874
180000,,191675.096
140000,,124660.216
132000,,135378.024
129000,,121217.45
104000,,105676.774
195000,,195644.968
113000,,117983.998
92000,,87089.672
122000,,116127.94
152000,,166642.798
127000,,130174.467
113000,,112213.868
63000,,58763.482
120000,,122316.023
87000,,86809.553
143000,,139139.189
136000,,131659.658
0,,600.288
0,,-352.36
110000,,105558.511
174000,,160476.913
133000,,129476.019
120000,,123697.753
155000,,142887.816
105000,,106922.455
138000,,134334.916
119000,,116027.186
124000,,131108.188
159000,,133863.678
126247,,111500.341
135000,,155951.186
104000,,103556.32
132000,,127603.189
139000,,127538.766
140000,,141739.854
131000,,130588.161
152000,,132006.205
136000,,132347.316
114000,,114839.854
0,,-2332.648
0,,191.631
218000,,172347.975
125000,,118278.634
109000,,115224.467
132000,,129463.067
143000,,134699.363
119000,,122183.541
0,,-3361.42
0,,3630.744
276000,,222261.669
38000,,33203.086
0,,-4109.42
0,,131174.72
199000,,185987.576
141000,,137326.842
0,,-322.258
115000,,117348.821
0,,760.251
99000,,99758.363
158000,,169464.561
156000,,138615.151
0,,194775.246
135000,,119237.505
0,,167327.313
104000,,107223.588
120000,,113918.897
99000,,103563.36
0,,-3952.427
136000,,136692.915
120000,,117957.011
0,,-1304.564
161000,,165176.362
141000,,132247.417
0,,34.638
140000,,136201.584
92000,,101632.374
135000,,120417.673
117000,,108738.428
64000,,73003.302
110000,,120935.981
0,,2975.848
113000,,110404.88
0,,-1528.285
0,,42723.595
197000,,199415.246
0,,2240.23
0,,508.037
98000,,100434.274
0,,-1032.338
120000,,115275.261
148000,,146637.475
0,,13680.111
143000,,158860.198
158000,,129654.146
117000,,118486.496
0,,-10908.94
52000,,53252.076
156000,,156649.818
87000,,86572.622
129000,,131234.782
106000,,116516.635
0,,-9379.857
0,,-1863.977
130000,,124155.523
98000,,103921.505
94000,,77868.076
119000,,117013.801
0,,180379.718
127000,,157112.787
0,,73786.474
150000,,136805.913
141000,,128505.859
0,,-2663.971
118000,,120686.431
215000,,203870.278
0,,105963.934
134000,,131043.096
129000,,124523.531
104000,,110943.618
107000,,113651.154
119000,,114386.829
118000,,129157.616
135000,,129536.305
90000,,94414.661
120000,,121267.538
0,,7741.785
192000,,195116.488
159000,,160851.997
95000,,97499.876
122000,,114375.446
114000,,108982.693
214000,,221106.198
120000,,117498.973
107000,,112401.344
120000,,123664.511
134000,,134061.68
0,,128865.453
104000,,109441.584
0,,33779.636
170000,,167999.465
113000,,137733.539
119000,,114544.898
115000,,120755.827
99000,,105417.133
0,,3347.955
139000,,146229.545
118000,,122094.616
119000,,115456.379
108000,,122487.677
119000,,124025.666
139000,,118562.619
156000,,147736.449
122000,,130366.005
139000,,140140.033
0,,-3175.824
0,,876.688
158000,,156696.121
101000,,109347.721
0,,-29140.213
149000,,135344.051
113000,,123323.875
119000,,114525.595
108000,,109083.6
203000,,152174.788
139000,,131358.939
174000,,145561.984
127000,,123415.492
0,,12.877
120000,,123699.0
128000,,132694.243
0,,-7099.511
113000,,113566.5
130000,,135891.759
171000,,149271.456
143000,,142907.986
127000,,130404.898
106000,,116554.104
219000,,186819.912
61000,,61164.797
174000,,168130.232
151000,,146272.447
172000,,182427.579
246000,,141206.056
114000,,112749.002
136000,,149337.291
119000,,110143.85
154000,,162804.976
0,,803.679
0,,2487.723
139000,,126089.942
109000,,113621.074
0,,136454.299
173000,,194403.873
144000,,147154.616
113000,,108408.743
146000,,148221.691
228000,,207749.847
0,,-1372.493
113000,,114104.97
75000,,83406.62
134000,,131011.999
109000,,109043.964
138000,,136770.469
120000,,121260.456
143000,,126613.851
137000,,126304.59
128000,,135214.422
0,,847.38
120000,,112813.02
183000,,175649.611
0,,25190.892
140000,,137697.647
189000,,201855.96
139000,,137593.594
129000,,130937.952
115000,,117852.496
154000,,143030.612
0,,5034.936
98000,,107865.489
0,,156.606
145000,,141843.435
139000,,128937.087
120000,,123310.818
0,,5884.448
170000,,156348.013
119000,,116316.243
0,,1992.835
0,,-5089.626
139000,,140627.794
141000,,130999.614
103000,,106319.649
0,,3067.516
113000,,112386.576
121000,,111674.284
0,,6719.359
156000,,139646.138
155000,,141995.157
120000,,125689.289
135000,,131181.854
104000,,103799.765
113000,,113610.21
114000,,121348.535
104000,,104394.23
101000,,106642.313
184000,,227535.348
105000,,97838.666
109000,,110077.433
110000,,119671.972
189000,,178368.558
135000,,124672.568
151000,,154930.109
107000,,108854.317
114000,,114679.451
126000,,130748.921
106000,,103615.528
115000,,116699.092
118000,,117057.948
195000,,158191.323
108000,,112709.037
143000,,137102.646
121000,,122316.023
0,,-2053.178
139000,,119017.787
229000,,231052.937
101000,,99162.61
0,,83947.387
135000,,130735.695
165000,,171130.25
92000,,101528.583
185000,,204268.968
86000,,83005.267
161000,,164082.752
108300,,111517.128
166000,,123312.799
0,,-6132.627
110000,,113501.04
196000,,175934.932
116000,,111598.653
109000,,96580.947
106000,,107225.595
154000,,152776.074
113000,,112800.911
120000,,113669.759
109000,,111726.995
152000,,150505.795
99000,,110156.41
172000,,165068.173
112000,,109986.995
100000,,109564.074
98000,,109213.338
159000,,140424.35
133000,,138911.714
175000,,176039.358
138000,,135115.215
0,,-602.607
200000,,189750.509
120000,,123546.464
134000,,164226.254
99000,,105638.172
117000,,120667.312
119000,,122045.636
247000,,240701.591
99000,,103730.746
124000,,139776.436
99000,,112523.505
132000,,133865.211
113000,,112005.624
192000,,203025.785
104000,,105749.194
195000,,185958.655
137000,,134635.895
133000,,118387.399
99000,,106591.677
0,,90328.241
120000,,123316.859
118000,,115875.98
123000,,121882.097
66000,,70611.384
0,,-6416.257
126000,,130834.7
120000,,117709.392
0,,-2073.435
109000,,117279.013
107000,,109716.581
0,,-17267.97
109000,,119977.957
123000,,116737.942
0,,-2597.889
0,,3963.538
81000,,83531.259
101000,,100980.13
169000,,144937.313
114000,,104780.779
110000,,108401.831
0,,173257.285
119000,,120707.507
0,,113573.183
121000,,125849.264
0,,-40.486
118000,,122094.616
115000,,120361.287
117000,,121843.038
144000,,144652.31
120000,,119310.618
119000,,141510.639
118000,,119198.265
149000,,159679.714
135000,,129905.686
138000,,137417.321
0,,-739.674
0,,-762.172
122000,,119566.836
125000,,129468.582
139000,,120712.914
42000,,39764.282
183000,,185233.291
141000,,135008.859
119000,,113843.968
103000,,150548.143
0,,2256.729
209000,,173517.178
0,,-699.044
120000,,123559.416
119000,,119555.717
29000,,31668.984
0,,1853.509
289000,,253707.097
118000,,118288.006
141000,,131949.653
135000,,132466.697
113000,,109327.292
140000,,134425.087
113000,,103260.502
0,,-2838.001
125000,,118406.213
139000,,132599.582
0,,-449.964
114000,,114368.461
97000,,96616.621
104000,,117764.753
139000,,137826.008
0,,5.224
81000,,97687.984
52000,,51602.874
239000,,241247.584
154000,,146094.075
0,,-2518.401
149000,,152670.899
189000,,193579.616
158000,,156490.771
0,,-876.241
113000,,116663.54
117000,,109746.629
124000,,121208.19
161000,,139654.698
108000,,109319.55
139000,,137789.382
143000,,132770.438
0,,3071.019
145000,,131358.137
99000,,121713.959
132000,,137837.105
142000,,137138.624
113000,,112359.993
115000,,112387.287
135000,,130573.894
114000,,113724.166
104000,,109824.518
0,,27067.677
130000,,133658.699
0,,605.657
130000,,119380.568
95000,,93356.809
90000,,92327.912
0,,-4133.804
106000,,110639.151
134000,,130999.048
77900,,27919.779
0,,5217.414
140000,,136121.017
189000,,177315.174
0,,-865.863
119000,,116293.452
109000,,104904.933
129000,,124429.767
118000,,123130.216
146000,,165103.593
123000,,119707.07
108000,,109461.175
134000,,121540.297
113000,,113055.644
195000,,189961.031
143000,,144882.395
120000,,103002.842
117000,,121134.705
128000,,138953.216
112000,,116420.372
179000,,159424.618
115000,,111687.529
109000,,114810.971
122000,,128915.103
238000,,218839.776
119000,,119212.366
125000,,126830.492
0,,16401.868
232000,,203054.354
116000,,120395.811
214000,,210292.437
97000,,103280.467
99000,,97964.213
141000,,133572.71
203000,,172611.988
139000,,129891.405
0,,-7140.509
101000,,102102.756
142000,,128103.361
0,,-2639.179
109000,,108683.941
109000,,111467.166
103000,,105385.579
143000,,127927.79
133000,,131011.999
142000,,135508.045
0,,7226.485
0,,1076.419
100000,,104652.848
109000,,114704.329
154000,,146554.118
117000,,114664.515
213000,,219033.72
92429,,58276.127
91000,,86647.253
32000,,32163.522
130000,,122826.085
135000,,118190.169
141000,,133590.975
151000,,135198.874
133000,,131535.408
126000,,126260.838
163000,,164092.149
185000,,175889.383
0,,79003.019
0,,-1420.281
0,,11453.407
235000,,178977.128
120000,,108416.257
0,,9226.46
104000,,108626.8
116000,,121498.242
141000,,143069.079
88000,,92293.985
0,,124201.687
113000,,113643.486
102000,,113998.942
119000,,116646.275
147000,,136658.184
31000,,31552.569
104000,,107635.196
0,,4350.029
0,,4447.713
99000,,112304.106
157000,,128882.354
99000,,102803.207
146000,,135674.943
130000,,131770.009
108000,,117827.903
104000,,104847.645
105000,,101863.385
118000,,115935.866
0,,9206.428
31000,,36448.898
125000,,126354.808
213000,,188369.506
129000,,127247.965
122000,,123973.463
172000,,159780.476
113000,,114767.54
131000,,122563.057
169000,,167639.725
99000,,108567.381
137000,,139771.893
0,,-4761.452
131000,,122285.577
121000,,121202.775
158000,,146234.19
81000,,97869.103
0,,-1943.638
104000,,104481.454
133000,,123002.514
98000,,104725.332
104000,,105743.562
114000,,114376.958
100000,,99423.518
116000,,130203.379
147000,,158674.72
115000,,112750.036
119000,,120553.311
115000,,117206.539
119000,,122194.602
109000,,109273.126
64000,,69650.087
154000,,146484.184
169000,,161780.14
91000,,89801.424
101000,,99369.127
119000,,125701.431
0,,15346.172
108000,,108429.377
123000,,128136.85
152000,,159242.676
136000,,135371.815
196000,,57497.526
31000,,31552.569
137000,,139660.669
100000,,104673.13
94000,,96383.104
144000,,135771.904
120000,,117600.648
135000,,136216.045
0,,-1594.187
136000,,126854.317
149000,,145228.991
0,,9552.489
136000,,135298.546
94000,,95887.474
107000,,108504.111
62000,,71193.814
117000,,126116.595
109000,,114141.666
105000,,104723.934
0,,30091.559
200000,,90119.313
128000,,128694.703
0,,4028.567
123000,,130009.218
119000,,117502.618
111000,,106182.288
104000,,108466.704
120000,,121144.915
0,,-2200.333
144000,,147874.879
134000,,139689.472
110000,,141877.732
7000,,26148.091
291000,,208152.834
0,,474.016
113000,,113081.118
117000,,108696.892
115000,,125244.305
174000,,162692.382
153000,,142589.602
192000,,168807.404
99000,,110373.774
0,,50449.225
0,,77653.076
115000,,114446.544
134000,,131379.583
109000,,104773.536
0,,-7840.403
114000,,117505.379
119000,,117770.431
159000,,152004.094
0,,6870.217
0,,79808.028
125000,,118278.634
0,,2405.646
98000,,99928.383
0,,-1450.488
121000,,113191.709
112000,,105953.341
105000,,112169.519
98000,,98956.445
178000,,179742.246
120000,,123697.753
143000,,144333.099
158000,,179697.167
0,,-9096.524
111000,,105993.912
119000,,112131.777
124000,,123297.866
0,,-109.857
97000,,108207.167
190000,,192995.051
0,,5205.496
0,,752.114
113000,,114570.139
155000,,147584.723
102000,,110720.726
99000,,105165.293
65000,,50819.197
0,,-3008.201
168000,,168971.189
115000,,118759.872
104000,,109754.273
114000,,110815.82
120000,,118059.985
129000,,125443.425
126000,,125770.701
95000,,93652.941
146000,,143474.989
0,,24255.299
198000,,178820.293
208000,,187406.818
65000,,64324.536
203000,,183863.922
0,,3055.497
116000,,117998.111
113000,,112705.005
130000,,122311.456
120000,,117600.648
110000,,115959.021
114000,,129629.703
132000,,137028.653
98000,,96561.816
116000,,125252.075
149000,,144613.055
120000,,124477.5
240000,,135532.275
117000,,109718.91
205000,,211433.62
170000,,161856.684
151000,,140252.754
156000,,158196.267
103000,,113245.608
104000,,103527.176
112000,,116128.782
155000,,135181.037
143000,,138465.947
0,,888.462
111000,,116272.963
129000,,121429.317
139000,,133207.047
245000,,251262.776
115000,,116240.077
123000,,113727.299
163000,,158553.786
154000,,135097.219
108000,,107132.554
139000,,117693.383
147000,,147805.904
132000,,133397.141
125000,,123976.825
0,,186803.698
127000,,123995.719
0,,225857.057
120000,,121496.169
116000,,128457.118
105000,,110724.864
112000,,124125.174
149000,,135480.198
142000,,136840.41
0,,370.138
144000,,128479.288
114000,,108621.77
108000,,100086.389
138000,,130608.899
120000,,116392.781
142000,,131603.752
119000,,113299.423
115000,,106647.25
95000,,99302.77
102000,,102425.679
169000,,172688.058
154000,,156180.354
159000,,151058.05
80000,,72178.125
97000,,102775.676
177000,,133292.468
0,,178270.511
117000,,117790.347
94000,,87228.89
120000,,123546.464
0,,329.151
104000,,105351.053
135000,,137624.823
177000,,188303.035
0,,8580.381
0,,-1189.404
112000,,115576.8
194000,,192092.999
171000,,203430.762
158000,,166926.353
117000,,109985.176
104000,,106514.07
130000,,129462.077
0,,-1082.171
100000,,101082.947
30000,,32103.07
0,,-2210.427
115000,,122553.6
211000,,128446.828
89000,,97668.998
0,,2061.021
89000,,95605.572
133000,,140856.713
119000,,122165.745
118000,,120882.195
109000,,113366.156
115000,,113260.388
95000,,96880.905
150000,,157303.433
0,,350.59
105000,,115455.1
0,,11318.538
159000,,131183.641
143000,,139783.535
0,,-814.302
276000,,236180.922
0,,-1898.255
120000,,118300.379
149000,,146161.298
148000,,135309.384
113000,,111601.881
120000,,122316.023
167000,,173690.149
136000,,128987.294
168000,,157705.774
0,,121523.904
161000,,165205.219
171000,,155940.467
0,,-217.08
149000,,145320.075
0,,195206.831
105000,,115660.438
0,,25585.104
119000,,117135.436
120000,,127561.136
121000,,135556.021
147000,,147987.283
94000,,102839.874
118000,,114637.901
129000,,130310.069
99000,,106252.514
120000,,85796.789
112000,,103448.503
114000,,120561.977
192000,,172188.321
0,,-322.656
159000,,151754.613
0,,71096.498
0,,439.544
105000,,114906.83
195000,,164576.772
119000,,115496.067
149000,,133926.299
83000,,96892.26
116000,,113130.751
119000,,114112.573
75000,,74993.086
100000,,100221.888
157000,,145559.44
144000,,135772.633
0,,1626.861
0,,29604.185
177000,,161191.152
189000,,184743.853
209000,,221535.746
0,,-1415.707
120000,,126340.498
22000,,36366.27
113600,,110713.805
94000,,93634.671
118000,,118259.845
149000,,160978.396
99000,,98986.4
119000,,120380.062
0,,-2130.558
130000,,148466.319
149000,,137427.639
115000,,127118.854
144000,,145407.032
104000,,119761.738
179000,,160182.129
106000,,106109.217
148000,,136798.236
108000,,102836.098
104000,,107019.662
215000,,214967.26
129000,,133656.078
144000,,137283.335
165000,,157584.642
173000,,193706.785
139000,,131025.49
139000,,133933.971
145000,,153624.303
121000,,128005.245
0,,-13944.921
134000,,130490.302
142000,,140946.653
94000,,112463.686
162000,,153438.214
169000,,161780.14
0,,-19.416
186000,,179031.098
120000,,127341.58
97000,,97177.066
115000,,112494.239
105000,,101177.786
173000,,230557.08
119000,,117770.431
98000,,99305.432
37000,,56898.308
0,,10595.668
150000,,138837.966
116000,,113591.002
114000,,115975.952
0,,2913.941
159000,,152608.255
133000,,137893.229
110000,,111572.897
106000,,111121.619
114000,,115727.03
129000,,113366.253
110000,,105357.658
0,,50312.567
125000,,125495.725
146000,,137260.161
0,,2187.881
118000,,121448.359
95000,,76311.538
113000,,118310.124
89000,,70731.204
108000,,109195.109
0,,-377.582
115000,,114318.49
42000,,52853.73
0,,3024.13
31000,,31461.837
138000,,130494.984
98000,,103396.371
31000,,31404.902
98000,,101414.154
92000,,95715.54
0,,8072.249
132000,,131608.302
127000,,132093.937
145000,,144264.608
119000,,125786.764
204000,,200169.6
130000,,125008.889
0,,73502.52
149000,,145482.063
111000,,102770.151
112000,,113819.739
114000,,115048.447
0,,-163.265
128000,,123973.36
0,,-7370.315
125000,,125709.027
112000,,106229.43
115000,,121416.249
151000,,147656.932
134000,,132276.585
115000,,117556.456
119000,,114112.573
130000,,119881.95
194000,,137908.387
129000,,136585.542
138000,,139352.458
0,,2567.123
60000,,54617.764
0,,6328.007
99000,,103844.262
110000,,111606.315
128000,,123114.438
116000,,115190.25
71000,,71923.352
189000,,186140.557
129000,,127648.422
131000,,129871.913
115000,,121302.041
147000,,144691.298
114000,,121782.808
115000,,115462.408
122000,,114375.446
132000,,140451.24
0,,7545.952
141000,,132528.298
182000,,168787.761
90000,,92798.319
148000,,146478.691
120000,,146983.278
106000,,117733.746
0,,4992.358
184000,,194153.877
159000,,153432.559
106000,,114353.992
77000,,43313.026
46000,,52994.332
124000,,120680.371
152000,,138563.807
0,,25320.597
129000,,133438.801
106000,,117765.989
0,,-2339.548
119000,,120772.558
0,,16794.158
134000,,117664.566
118000,,122753.995
135000,,135879.342
178000,,169913.904
140000,,139641.987
124000,,118873.566
109000,,118298.758
119000,,126800.7
159000,,158342.472
154000,,152309.931
34000,,47404.723
122000,,118816.888
110000,,109436.5
153000,,150071.006
0,,290.849
219000,,186203.385
0,,-2865.989
0,,187382.026
85000,,93192.519
155000,,170684.823
0,,-5797.89
0,,3118.4
105000,,105244.993
129000,,133291.689
102000,,108116.006
162000,,150405.214
0,,1781.642
0,,2457.539
120000,,116106.233
95000,,110526.708
119000,,116893.59
229000,,233552.355
103000,,110412.024
92000,,93853.559
88000,,106776.505
0,,13680.111
133000,,126223.348
135000,,131669.38
151000,,156906.94
0,,674.526
129000,,128249.406
131000,,121877.662
0,,-2749.705
115000,,122385.102
0,,-5455.504
127000,,136167.52
0,,898.878
149000,,131338.907
174000,,178587.233
284000,,154205.175
139000,,140379.0
141000,,141919.475
149000,,142658.903
142000,,146343.187
85000,,91059.567
0,,4145.403
120000,,123864.385
155000,,141372.136
118000,,111053.991
120000,,126988.275
111000,,118632.138
149000,,147432.689
244000,,195462.704
120000,,121068.486
0,,6631.952
137000,,147854.688
117000,,115106.411
132000,,71510.139
119000,,116293.452
146000,,147503.802
158000,,161361.138
134000,,142282.711
111000,,121747.219
118000,,117975.399
117000,,109131.612
109000,,104658.085
100000,,93712.921
121000,,141696.591
199000,,180085.541
0,,-4325.066
114000,,113057.396
189000,,164298.605
178000,,176455.655
155000,,153043.582
124000,,123282.296
118000,,136301.168
102000,,102900.759
117000,,121886.766
283000,,285894.132
124000,,123576.662
117000,,118315.987
126000,,117587.019
0,,-3858.715
137000,,122538.892
123000,,129048.285
115000,,112268.583
112000,,112089.835
126000,,134798.772
113000,,112025.379
130000,,123837.662
192000,,169781.516
107000,,109976.946
99000,,106619.987
0,,2497.328
127000,,137162.477
0,,-1059.731
0,,15828.801
149000,,157213.687
0,,-1086.496
132000,,154466.966
169000,,174013.744
0,,6261.073
82000,,97262.395
107000,,149448.749
147000,,139578.368
104000,,103185.98
129000,,133834.777
109000,,113218.51
132000,,133398.036
106000,,111452.427
111000,,116589.925
0,,2913.941
139000,,137013.773
0,,-2761.423
145000,,149298.131
133000,,125385.897
149000,,148410.282
0,,5247.604
108000,,110089.322
118000,,159890.453
202000,,181628.097
184000,,184279.697
174000,,156575.29
190000,,195734.001
141000,,151745.613
117000,,117663.192
105000,,105073.415
137000,,133876.557
129000,,124523.531
139000,,148469.042
93000,,100097.368
144000,,148235.173
144000,,151833.63
0,,487.464
161000,,159989.227
120000,,130207.536
139000,,137475.178
0,,-7616.415
146000,,143626.954
130000,,131682.13
126000,,129038.365
119000,,121347.468
252000,,225523.387
108000,,108567.086
126000,,133472.492
0,,14058.289
114000,,122826.661
0,,-3719.018
165000,,141082.792
135000,,131656.603
105000,,117076.642
0,,-1105.98
0,,-126.767
159000,,140420.846
0,,30795.366
0,,38736.364
0,,8845.1
245000,,222256.533
134000,,132535.756
224000,,211291.685
107000,,109716.581
128000,,125231.967
120000,,182239.884
242000,,192680.105
150000,,143812.089
113000,,112478.388
123000,,125329.857
129000,,118238.347
0,,-871.699
0,,250.611
146000,,161325.247
119000,,115382.973
135000,,130666.161
97000,,96920.377
117000,,123321.357
91000,,88275.36
115000,,114009.899
120000,,126053.913
0,,114957.241
211000,,206381.908
150000,,128675.268
0,,-723.198
0,,7857.992
111000,,134608.201
126000,,130230.667
0,,3229.522
109000,,108072.48
144000,,135359.239
195000,,161527.44
130000,,118570.263
82000,,83004.467
0,,-2328.957
0,,-6698.189
151000,,145542.71
123000,,122940.785
136000,,115197.21
132000,,136124.667
114000,,121364.344
199000,,192984.317
149000,,155334.023
107000,,115044.657
291000,,259548.218
115000,,118317.924
129000,,120406.563
133000,,125818.205
159000,,167733.489
157000,,150771.907
114000,,108258.729
116000,,116404.833
145000,,150538.746
150000,,143384.525
107000,,113424.403
0,,-433.461
119000,,126069.661
109000,,94355.981
0,,19368.67
105000,,109953.874
217000,,201822.21
95000,,118425.716
130000,,141797.602
114000,,127332.034
0,,4660.182
129000,,122668.735
126000,,135800.698
109000,,107247.757
162000,,157015.782
98000,,109255.998
119000,,116138.76
119000,,124429.016
237000,,188006.494
70254,,47752.671
131000,,129081.075
128000,,127559.156
135000,,126153.562
119000,,124979.244
150000,,143494.371
114000,,111113.081
130000,,134472.451
0,,1430.951
0,,-14135.015
112000,,116686.535
119000,,119821.732
189000,,177649.594
158000,,142715.814
226000,,125352.94
127000,,134384.473
107000,,106635.22
23000,,27511.75
139000,,132839.382
135000,,130005.539
170000,,163482.545
0,,8119.115
107000,,103945.193
170000,,156390.536
109000,,114559.947
0,,-2878.558
147000,,136714.075
69644,,60224.861
172000,,181192.478
116000,,110555.905
0,,784.437
121000,,125442.149
139000,,134835.041
143000,,135148.983
105000,,106703.422
51000,,54069.847
0,,51988.469
91000,,84341.603
94000,,94446.664
171000,,197300.686
132000,,125943.914
105000,,105114.112
125000,,123011.634
97000,,100460.053
0,,8680.797
0,,202641.351
156000,,147656.052
121000,,124233.725
0,,8981.427
163000,,161918.653
103000,,111409.363
256000,,235655.833
150000,,166959.337
103000,,104371.532
114000,,111817.297
0,,-457.176
127000,,144392.819
62000,,58392.969
113000,,130888.966
99000,,106089.023
143000,,138523.83
87000,,87062.922
116000,,118099.29
108000,,120031.101
46000,,50833.726
178000,,196476.701
114000,,108347.07
111000,,105610.421
117000,,118659.555
107000,,106635.22
104000,,106220.147
143000,,130777.968
0,,-14.251
101000,,107888.239
127000,,121080.568
136000,,135493.916
120000,,118255.528
119000,,122715.513
106000,,107018.869
134000,,128078.815
159000,,167982.445
151000,,154605.206
125000,,125080.738
123000,,112244.839
199000,,183916.963
119000,,115067.662
173000,,162645.612
53000,,53528.376
0,,3875.299
45000,,32458.14
153000,,148898.105
129000,,127283.439
0,,-3151.032
98660,,92784.701
127000,,118339.991
143000,,142907.986
198000,,199152.66
0,,-4836.06
123000,,112281.938
0,,18939.165
108000,,120752.223
156000,,158494.639
169000,,160854.409
103000,,109952.216
114000,,110539.091
115000,,117845.275
141000,,141919.475
127000,,123217.207
84000,,84150.423
46000,,37426.122
139000,,134720.351
0,,811.182
135000,,134045.003
0,,-1395.911
0,,6104.534
144000,,138862.556
0,,-15463.683
109000,,109211.708
85000,,78917.144
131000,,129315.987
116000,,114520.456
62000,,49885.564
149000,,142249.815
143000,,136769.06
161000,,122647.821
134000,,136495.575
135000,,136843.031
119000,,142379.556
225000,,162085.426
115000,,111305.447
105000,,106285.421
139000,,146354.79
96000,,105119.642
136000,,127713.436
118000,,123065.299
207000,,207356.236
249000,,223798.124
113000,,112626.259
144000,,141906.789
152000,,154040.215
112000,,115768.813
230000,,202693.628
129000,,122127.55
114000,,116202.087
109000,,112844.302
103000,,106398.939
0,,4926.119
115000,,152476.761
127000,,124838.486
0,,97235.675
119000,,115753.664
112000,,115882.491
149000,,147644.714
119000,,121387.965
0,,374.406
91000,,86647.253
62000,,52516.756
96000,,104825.819
134000,,133413.729
119000,,124291.027
192000,,191776.892
107000,,108627.056
134000,,139964.169
118000,,118483.952
0,,-18764.044
141000,,135437.21
131000,,132421.569
108000,,121599.517
0,,249.351
114000,,116893.763
129000,,127430.242
128000,,128879.111
152000,,155308.837
112000,,109371.466
109000,,111710.373
0,,1169.882
127000,,118774.579
0,,27652.544
203000,,184480.198
110000,,107925.341
0,,880.716
118000,,119467.437
106000,,109974.333
127000,,118484.769
148000,,149933.339
0,,2560.507
108300,,110827.99
134000,,132841.525
161000,,159943.71
0,,5792.725
112000,,111290.385
139000,,131807.329
145000,,131669.276
138000,,123365.349
140000,,139836.071
150000,,139044.666
284000,,275792.897
119000,,120564.724
136000,,133593.142
122000,,119722.848
117000,,118596.192
113600,,106622.254
160000,,165216.436
86000,,86216.191
0,,825.641
143000,,139489.787
0,,-4135.344
66000,,63970.087
119000,,128471.12
0,,207122.279
139000,,137022.046
115000,,118477.162
120000,,120776.057
101000,,99957.144
120000,,117089.248
139000,,122434.675
115000,,115654.629
120000,,130103.12
140000,,134410.811
120000,,120861.192
114000,,105623.627
0,,9604.745
135000,,132036.774
113000,,113047.54
0,,166874.163
0,,139.712
108000,,120031.101
150000,,146953.576
99000,,101942.2
163000,,140690.657
128000,,119414.914
138000,,122685.488
137000,,133769.617
200000,,182570.25
76000,,81008.018
116000,,106512.955
0,,757.07
133000,,126095.202
0,,3325.298
159000,,147981.845
192000,,211457.895
258000,,255161.13
147000,,146425.945
0,,571.43
74000,,71484.019
120000,,117877.696
0,,615.477
147000,,148733.714
158000,,155270.349
154000,,144720.785
120000,,125650.807
220000,,227493.502
103000,,106250.611
103000,,123425.507
119000,,120106.081
52000,,53699.216
168000,,181939.238
134000,,129822.783
99000,,101232.545
53000,,51915.454
107000,,114949.748
90000,,88697.787
186000,,189037.293
114000,,117548.291
135000,,134734.04
150000,,173605.22
138000,,122967.808
104000,,107655.807
0,,105539.027
124000,,119628.775
107000,,106635.22
149000,,135258.778
74000,,77109.206
109000,,114505.872
146000,,151290.164
105000,,112724.317
113000,,117298.975
124000,,113899.149
82000,,81484.484
124000,,128649.99
130000,,124713.798
113000,,116754.911
118000,,121649.357
155000,,149442.417
245000,,199716.982
113000,,117298.975
101000,,102125.935
130000,,132043.82
156000,,151807.61
109000,,100732.137
110000,,109935.749
148000,,136019.854
124000,,120296.716
47000,,47258.382
0,,-30063.876
105000,,112724.317
129000,,123528.099
172000,,173339.349
179000,,154533.256
0,,94912.284
0,,4092.457
153000,,143704.093
118000,,121345.613
0,,-523.975
1000,,3876.57
127000,,130040.897
111000,,114679.359
119000,,113997.074
0,,-8703.371
129000,,133641.946
99000,,108458.288
148000,,136484.042
103000,,103436.188
93000,,102945.638
156000,,168145.572
138000,,130226.625
113000,,112390.309
113000,,123517.183
114000,,109560.963
134000,,142727.675
129000,,130085.88
139000,,129741.095
195000,,147963.098
113000,,112359.993
0,,-4283.401
130000,,124175.416
150000,,143384.525
0,,149382.393
132000,,141835.278
113000,,111265.262
113000,,120542.207
0,,909.808
0,,1629.956
136000,,121732.043
119000,,138372.256
120000,,122554.604
0,,1274.397
114000,,113095.092
134000,,135611.437
110000,,115325.732
97000,,100353.532
117000,,133755.078
129000,,126585.549
116000,,122357.859
175000,,156104.967
128000,,127559.156
130000,,135281.146
129000,,122550.01
0,,-1544.478
183000,,158449.803
120000,,124186.174
0,,2814.355
22000,,22534.463
0,,-7771.816
113000,,114026.59
134000,,132886.799
154000,,148860.292
0,,1291.479
99000,,112611.358
23000,,27892.595
111000,,105842.624
139000,,133361.761
113000,,112426.516
109000,,112844.302
138000,,136962.702
216000,,213712.62
108000,,111572.851
144000,,138458.813
155000,,145497.01
131000,,124865.378
119000,,130166.749
0,,-757.856
0,,-8297.64
258000,,255161.13
219000,,139439.193
57000,,55783.636
118000,,108789.119
60000,,53377.703
0,,106655.753
129000,,135356.962
56000,,51612.647
131000,,124694.182
119000,,115753.664
138000,,129305.788
111000,,106736.938
217000,,189448.604
119000,,118967.802
134000,,129011.731
133000,,131574.06
123000,,118130.764
119000,,140356.779
155000,,144266.275
141000,,134217.711
118000,,114100.725
166000,,138136.802
203000,,197916.302
103000,,118229.852
150000,,133149.226
124000,,123635.694
115000,,115649.241
42000,,36518.212
120000,,115691.955
105000,,104555.922
0,,146991.863
230000,,211599.773
104000,,113637.669
189000,,173374.953
164000,,158748.327
111000,,110270.836
121000,,119558.608
121000,,109540.267
107000,,106316.723
119000,,122341.073
155000,,142347.156
162000,,146869.652
0,,-1188.191
138000,,134653.945
119000,,123389.829
0,,-7853.644
180000,,177061.088
101000,,105389.257
151000,,153949.484
117000,,120778.245
0,,2674.592
130000,,129135.015
187000,,131198.951
146000,,145130.498
0,,-1053.29
158000,,148952.51
127000,,94474.412
149000,,150925.137
139000,,118703.719
174000,,157240.105
97000,,103340.478
86000,,85835.239
97000,,99848.149
0,,994.291
122000,,130822.969
120000,,121809.642
116000,,126892.535
0,,12589.806
159000,,153860.618
145000,,143431.154
0,,-811.136
104000,,103678.633
107000,,106984.902
117000,,151645.047
108000,,106047.399
154000,,143542.691
53000,,53528.376
139000,,143507.748
86000,,85835.239
201000,,180048.597
0,,1471.303
27000,,31428.355
197000,,192609.783
0,,1150.85
56000,,56697.639
125000,,119229.882
107000,,110109.794
149000,,146085.66
0,,-5526.081
100000,,119273.499
162000,,161536.735
119000,,112121.762
129000,,130085.88
85000,,97357.788
130000,,133258.629
124000,,126256.776
135000,,136380.304
98000,,103253.113
240000,,188906.477
139000,,138578.736
119000,,119229.828
42000,,36106.073
0,,889.069
135000,,127596.111
110000,,115234.404
104000,,109991.965
101000,,110298.331
138000,,129576.436
110000,,114146.79
129000,,129948.758
115000,,115894.842
96000,,106924.245
115000,,115199.145
116000,,120728.367
125000,,119229.882
40000,,36834.169
133000,,130541.794
114000,,117088.841
128000,,116087.802
211000,,118600.557
57000,,55783.636
113000,,119490.07
125000,,119714.365
109000,,114332.41
115000,,121112.807
118000,,118862.976
159000,,154107.405
62000,,54284.895
116000,,115386.441
109000,,121876.56
138000,,128505.859
132000,,126613.539
97000,,105502.773
155000,,147030.657
124000,,121439.237
139000,,137424.104
107000,,110913.531
143000,,136727.88
119000,,119477.447
104000,,109115.923
119000,,129337.553
105000,,108747.209
0,,684.054
120000,,122912.801
280000,,231483.155
118000,,107394.531
0,,-494.135
148000,,142919.084
138000,,129930.838
99000,,102663.555
125000,,132389.477
190000,,180122.149
199000,,188168.408
144000,,137887.693
104000,,103210.946
117000,,115825.878
129000,,131543.988
0,,129.436
136000,,136560.714
117000,,110302.506
0,,65381.058
104000,,108418.916
143000,,129115.088
103000,,108273.472
137000,,137564.079
90000,,115658.672
129000,,149782.437
117000,,116298.96
149000,,145648.482
0,,-1526.927
187000,,179156.118
102000,,109425.678
0,,4103.253
100000,,101512.381
155000,,150081.903
159000,,161728.631
130000,,135431.74
99000,,104664.861
97000,,102423.879
262000,,245525.514
145000,,137489.125
0,,1864.592
149000,,129096.927
95000,,100095.007
287000,,262053.194
126000,,121505.711
170000,,153772.589
150000,,141540.747
56000,,53763.438
104000,,105761.086
129000,,127989.053
168000,,160703.896
0,,11337.151
99000,,106661.0
166000,,173202.711
139000,,128082.394
141000,,141919.475
149000,,139295.152
129000,,147653.532
163000,,171890.602
137000,,142453.142
107000,,106316.723
85000,,85644.933
138000,,140816.705
0,,-1247.838
134000,,147867.192
158000,,140518.722
148000,,145706.923
159000,,164906.248
130000,,126679.127
102000,,119212.115
146000,,144082.772
151000,,138464.457
162000,,166080.049
95000,,99756.31
121000,,123428.28
108000,,108859.81
127000,,118769.807
200000,,136808.315
102000,,104555.412
89000,,112505.658
119000,,136792.119
99000,,101115.464
109000,,106035.289
255000,,262665.134
149000,,143404.082
99000,,106030.758
99000,,106349.367
256000,,255397.487
0,,-5474.77
90000,,94376.179
0,,5506.452
157000,,164869.984
120000,,121809.642
0,,105855.733
133000,,128097.729
184000,,178868.13
105000,,110496.537
145000,,167965.664
117000,,120838.783
118000,,102511.61
245000,,239281.405
159000,,149883.138
139000,,136573.871
149000,,156707.344
146000,,137771.62
133000,,167092.895
112000,,91472.998
178000,,168875.598
120000,,119816.813
149000,,141892.157
119000,,119005.196
114000,,106876.878
158000,,156082.561
119000,,127548.511
117000,,124392.87
159000,,136934.768
0,,2832.396
150000,,133827.321
116000,,116052.738
139000,,130614.835
119000,,125496.184
57000,,52747.585
129000,,159413.41
107000,,111008.885
119000,,118639.05
0,,24894.602
136000,,131968.524
124000,,117836.499
110000,,109622.866
114000,,115350.972
119000,,115516.082
96000,,104600.374
115000,,120173.836
108000,,107343.538
119000,,122204.047
138000,,131873.103
120000,,130818.128
113000,,114705.124
117000,,122185.464
117000,,117559.36
132000,,158953.367
137000,,133758.2
139000,,135555.006
138000,,142200.126
124000,,123576.662
0,,-8229.17
119000,,121395.749
91000,,99332.845
0,,1541.873
92000,,93943.904
113000,,111872.948
242000,,223594.168
117000,,123546.828
132000,,125724.696
115000,,123232.872
110000,,111252.589
130000,,133885.265
84000,,84150.423
140000,,139761.378
90000,,94962.13
99420,,105996.794
127000,,137982.339
28000,,30055.137
89000,,100068.511
165000,,159585.772
141000,,141919.475
158000,,127431.22
165000,,159052.307
143000,,145361.558
149000,,143092.114
113000,,115132.162
55000,,50231.786
0,,-2598.739
130000,,122118.739
110000,,116581.027
0,,-5386.301
106000,,107018.869
197000,,203660.329
0,,-820.535
103000,,121084.598
161000,,162484.874
0,,-12176.028
0,,-183.449
139000,,143260.237
132000,,135763.746
117000,,120838.783
113000,,116270.206
189000,,165965.595
110000,,121273.575
0,,2651.596
125000,,132825.965
11000,,12401.402
99000,,104466.925
134000,,131274.488
0,,-11961.438
184000,,169196.889
126000,,125992.229
137000,,121652.073
159000,,149326.414
149000,,137936.884
105000,,111338.427
175000,,172015.703
100000,,107891.851
108000,,107130.131
106000,,108822.295
118000,,117640.58
49000,,51725.811
98000,,98805.946
132000,,133747.163
48000,,51495.452
112000,,108727.024
132000,,125447.47
243000,,195886.315
0,,1821.674
116000,,116658.192
168000,,171048.44
94046,,74800.595
90000,,69975.024
74300,,79481.099
261000,,220064.596
133000,,129510.474
148000,,136451.022
139000,,127028.356
147000,,146425.945
135000,,128975.538
122000,,123065.919
0,,2353.731
119000,,113357.138
133000,,130885.853
150000,,149108.979
131000,,130295.355
160000,,167055.702
24000,,24415.756
101000,,103891.872
108000,,111578.546
109000,,110104.099
52000,,51897.026
0,,10061.936
0,,-153.766
130000,,125602.26
129000,,123528.099
151000,,138313.168
110000,,113070.091
132000,,129367.116
127000,,129479.102
0,,7655.391
104000,,109649.272
150000,,154644.847
145000,,148183.166
134000,,134604.32
60000,,56711.8
117000,,116566.285
147000,,147987.283
134000,,144369.158
166000,,181847.11
256000,,260144.863
144000,,144535.377
126000,,123309.011
134000,,129822.783
139000,,130264.396
0,,7567.722
150000,,139578.368
156000,,144488.015
117000,,121690.95
122000,,120301.825
106000,,109333.458
103000,,111190.327
19000,,25976.798
195000,,185993.382
86000,,86601.224
120000,,121679.492
182000,,169188.873
131000,,126613.539
175000,,172015.703
139000,,132052.436
114000,,124384.064
126000,,123309.011
0,,10279.481
195000,,187510.996
119000,,128205.233
179000,,173910.608
124000,,114710.117
0,,17106.91
0,,-2693.002
112000,,113212.096
112000,,111251.321
0,,17064.55
0,,1422.441
120000,,120781.938
148000,,138862.556
144000,,146544.962
106000,,110782.731
108000,,114475.664
123000,,117063.197
149000,,135258.778
0,,3190.158
139000,,133938.955
139000,,143732.673
139000,,128355.508
119000,,120910.472
105000,,109791.836
120000,,121315.217
145000,,144018.752
95000,,99507.216
112000,,116686.535
104000,,109281.209
155000,,156166.419
0,,3071.103
133000,,130152.256
154000,,144824.355
100000,,106211.034
134000,,138460.23
128000,,142358.328
109000,,107357.806
0,,54636.607
146000,,137883.261
0,,-546.573
0,,-4122.603
0,,237.354
182000,,160345.853
92000,,91973.419
93000,,103599.011
115000,,104711.681
154000,,144575.67
0,,133.426
129000,,134688.29
189000,,181212.754
129000,,124486.791
0,,12237.994
139000,,150452.429
147000,,147987.283
139000,,132839.382
107000,,107427.21
165000,,174751.07
155000,,158492.367
189000,,178935.431
96000,,104033.991
146000,,148183.166
0,,-2442.198
0,,1860.239
110000,,123510.437
139000,,129334.645
153000,,147225.371
0,,471.408
158000,,128584.132
155000,,139767.523
131000,,131262.998
208000,,166598.538
23000,,26330.264
129000,,125804.93
146000,,159503.624
139000,,130403.721
162000,,155385.097
149000,,155207.348
174000,,159632.703
208000,,194254.022
120000,,132940.949
100000,,108931.947
0,,-1743.768
138000,,137303.379
111000,,112964.871
107000,,109149.918
118000,,116343.46
125000,,107915.924
92000,,87904.704
64000,,46596.899
145000,,132099.535
0,,1948.087
145000,,127512.496
113000,,110760.986
0,,5074.216
47000,,40054.996
138000,,135217.441
152000,,150535.426
0,,3910.374
128000,,121898.477
0,,-1675.973
119000,,121851.952
135000,,132628.803
125000,,137558.489
103000,,106691.221
111000,,105842.624
144000,,144325.32
128000,,130149.987
0,,1682.61
149000,,149839.311
115000,,123044.797
101000,,105959.255
169000,,158618.203
152000,,154635.58
203000,,180287.548
93000,,100362.502
120000,,115901.757
122000,,124355.309
105000,,112325.515
0,,1511.964
135000,,130005.539
29000,,29813.878
117000,,109797.431
179000,,175949.714
150000,,148823.993
120000,,119110.146
123000,,121245.745
0,,-5005.596
152000,,136442.989
138000,,130849.893
169000,,162798.698
130000,,125028.482
0,,7215.559
0,,-304.059
109000,,118284.932
108000,,109955.416
116000,,124388.286
127000,,137434.44
134000,,132181.657
159000,,152213.141
99000,,102494.6
0,,5092.936
169000,,150850.923
122000,,120550.219
112000,,106825.196
188000,,176138.679
100000,,106345.138
0,,-8877.336
0,,1443.477
133000,,127998.939
129000,,136938.333
119000,,123956.741
135000,,122065.392
0,,15765.657
119000,,121234.44
81000,,82107.45
180000,,115847.41
141000,,136102.924
99000,,100226.622
110000,,114293.218
132000,,135039.587
117000,,117586.373
126000,,133126.376
135000,,131932.481
105000,,108044.625
134000,,135743.068
0,,5111.531
91710,,75415.222
129000,,133574.265
0,,-2423.85
0,,-2227.397
145000,,154387.672
139000,,125940.355
122000,,131211.929
0,,-1122.542
145000,,132706.237
133000,,127232.736
52000,,39385.811
111000,,105183.978
101000,,104509.277
114000,,105787.076
114000,,120327.617
213000,,212840.426
0,,4540.068
95000,,94074.9
23000,,27892.595
0,,2674.592
119000,,123666.521
123000,,127066.729
119000,,116646.275
102000,,112302.298
174000,,175315.721
123000,,125041.6
117000,,116455.848
32000,,32328.351
127000,,118073.726
110000,,109306.61
119000,,115706.779
0,,-27838.376
102000,,130140.923
195000,,206120.849
95000,,93690.258
115000,,114078.112
99000,,106537.21
99000,,102870.321
133000,,125966.839
76000,,52969.625
127000,,122054.182
105000,,107303.969
112000,,105619.892
0,,3910.374
139000,,133019.455
0,,11379.943
77000,,80696.426
195000,,197852.305
119000,,117549.156
124000,,116269.06
123000,,127066.729
108000,,104877.764
129000,,135643.51
135000,,120368.856
126000,,130939.836
130000,,119352.577
135000,,122445.974
0,,2659.847
108000,,110987.431
104000,,106430.996
132000,,134721.705
80000,,92323.535
0,,668.857
151000,,134387.79
183000,,193480.745
116000,,115465.411
152000,,155928.588
125000,,132691.433
137000,,135415.293
125000,,129446.153
92000,,96769.089
105000,,109800.165
135000,,120712.914
193000,,202590.745
114000,,115190.114
0,,-5807.755
120000,,115431.879
117000,,115383.136
125000,,126562.639
136000,,132954.19
115000,,115022.672
108000,,113379.753
109000,,104848.706
104000,,107290.761
105000,,111132.894
119000,,120319.055
120000,,121809.642
49000,,50277.807
135000,,133097.401
0,,1391.739
131000,,136036.466
41834,,60834.305
119000,,137479.767
132000,,132783.32
42000,,35941.536
55000,,41222.993
112000,,115881.014
118000,,118940.491
110000,,116777.941
56000,,57720.6
97000,,108207.167
0,,592.406
122000,,119571.56
125000,,118520.493
104000,,109792.071
82000,,86676.11
118000,,114289.385
134000,,136713.209
99000,,125750.744
120000,,121809.642
86000,,89674.419
0,,-260.133
160000,,151597.773
107000,,106662.677
0,,-1251.773
87000,,86887.457
120000,,122715.513
226000,,188810.815
173000,,146680.518
0,,-1949.461
136000,,136224.208
156000,,157665.527
114000,,108040.573
140000,,130813.831
144000,,157868.573
117000,,114555.344
125000,,138938.368
143000,,142675.71
142000,,139579.939
46000,,37580.161
113000,,112339.245
104000,,104833.549
99000,,100192.194
142000,,138808.144
105000,,112325.515
76000,,50395.505
113000,,140758.423
120000,,128634.771
116000,,117600.284
117000,,120762.608
77000,,42751.485
152000,,154177.634
145000,,131939.229
43000,,43059.518
119000,,121234.44
190000,,185518.889
106000,,106623.305
145000,,138070.108
135000,,124541.494
99000,,104540.26
120000,,115783.709
110000,,116804.384
129000,,121774.142
116000,,120559.421
118000,,139387.594
158000,,157495.649
119000,,131012.893
137000,,135558.602
104000,,108591.222
114000,,114175.688
109000,,101281.147
142000,,127641.7
134000,,140538.349
121000,,123710.704
0,,-788.695
180000,,150348.502
105000,,112800.911
129000,,135052.778
129000,,127283.439
158000,,185543.497
194000,,198242.919
99000,,105530.416
195000,,168284.292
126000,,120500.681
139000,,132500.725
134000,,137064.925
88000,,93175.475
106000,,112779.64
118900,,137319.792
0,,6773.11
0,,-22999.732
96000,,104510.218
134000,,133079.406
108000,,105492.188
163000,,155587.614
189000,,176988.256
114000,,113396.139
139000,,147707.284
139000,,143687.142
110000,,107204.456
164000,,166608.175
150000,,141896.682
0,,139398.86
283000,,98151.27
0,,-2176.278
0,,7895.339
149000,,145057.5
221000,,250304.375
136000,,134632.762
107000,,108643.145
134000,,134428.678
111000,,116326.635
158000,,159726.477
118000,,118133.643
147000,,123076.669
99000,,101115.464
111000,,108726.286
147000,,142380.476
104000,,105387.256
145000,,131722.98
162000,,149387.719
149000,,165500.39
111000,,105610.421
0,,1765.712
136000,,124349.404
153000,,162332.682
151000,,154605.206
131000,,122147.322
99000,,107973.26
120000,,127151.538
120000,,122607.528
141000,,145878.986
119000,,138372.256
204000,,198202.408
75000,,20709.185
103000,,106543.117
127000,,129686.454
0,,323.888
0,,50170.196
135000,,125867.014
119000,,107526.16
113000,,116754.911
114000,,116827.04
114000,,113095.092
121000,,122356.284
134000,,130152.256
140000,,116041.372
0,,6406.345
108000,,120125.926
117000,,121844.88
129000,,135052.778
134000,,121465.604
119000,,124046.252
139000,,141697.854
0,,5362.464
182000,,187371.116
216000,,216651.9
164000,,140636.524
141000,,136232.542
137000,,141064.175
130000,,119541.829
115000,,116225.02
99000,,103279.338
122000,,124011.45
119000,,112055.155
142000,,106551.599
0,,2929.57
0,,237.808
0,,8669.184
158000,,117280.343
109000,,114378.719
177000,,152928.843
113000,,128454.693
154000,,156941.034
114000,,118954.064
97000,,93632.527
116000,,113529.388
143000,,131510.686
0,,-6778.927
107000,,113020.326
0,,-614.954
143000,,128761.049
99000,,113388.832
129000,,124838.943
153000,,150190.316
120000,,120082.27
147000,,139226.273
149000,,140943.966
134000,,123123.485
158000,,156907.485
109000,,113438.332
89000,,94889.94
115000,,114510.24
131000,,133747.163
97000,,99496.054
135000,,140498.285
113000,,113081.118
0,,3762.99
156000,,153931.089
138000,,128276.261
0,,56150.974
128000,,124991.33
89000,,99653.112
147000,,147987.283
162000,,153467.844
63000,,56479.21
145000,,155847.102
0,,-1215.339
154000,,153992.293
0,,-94.087
129000,,130075.19
0,,1838.995
156000,,139394.723
119000,,124334.656
114000,,113169.786
140000,,134001.005
174000,,166429.416
158000,,158668.365
150000,,143335.955
153000,,149910.111
142000,,147651.149
256000,,117055.986
103000,,112175.698
138000,,144426.495
0,,116980.429
105000,,108147.426
167000,,160998.967
0,,-7135.633
127000,,117127.039
0,,29585.197
34000,,47309.907
0,,7729.148
94845,,105939.797
127000,,142166.347
153000,,154678.155
139000,,118893.815
139000,,146342.6
137000,,113796.069
194000,,199900.585
158000,,171175.11
128000,,125002.726
163000,,151879.467
48000,,34209.957
134000,,143462.508
147000,,147987.283
0,,-765.68
109000,,109374.02
0,,1261.585
127000,,123217.207
0,,1300.438
47000,,52560.912
141000,,132709.079
135000,,136380.304
159000,,157102.171
198000,,184369.779
46000,,50344.326
116000,,121400.57
180000,,191763.28
135000,,123103.234
199000,,184584.169
79000,,79901.888
112000,,105623.835
149000,,137975.383
113000,,123420.256
143000,,144054.422
0,,5377.25
117000,,151374.253
115000,,114034.551
104000,,101086.607
140000,,137988.904
0,,-7936.271
159000,,152213.141
82000,,86760.095
191000,,170089.647
44000,,47911.886
120000,,121501.586
0,,-3105.052
0,,1507.299
0,,4641.748
316000,,245269.211
112000,,115068.092
1000,,12319.963
0,,2984.939
119000,,119821.732
115000,,120509.153
0,,-24355.67
0,,101815.676
130000,,133996.624
0,,9026.358
141000,,139555.519
137000,,128909.334
121000,,104636.755
62000,,20426.031
224000,,153016.134
133000,,130885.853
79000,,81102.058
137000,,133169.008
99000,,112626.359
134000,,139596.369
0,,8715.057
355000,,170633.509
144000,,141906.789
117000,,111425.201
128000,,129679.648
0,,-2109.623
137000,,134930.51
144000,,140354.487
147000,,125720.547
0,,83612.18
125000,,114500.528
124000,,125808.147
104000,,107290.761
101000,,97815.959
159000,,143147.564
0,,9977.336
128000,,136480.224
104000,,106435.63
0,,-573.707
97000,,102543.128
190000,,167793.601
109000,,112460.614
139000,,142851.473
147000,,146425.945
0,,-1287.699
63000,,71413.322
127000,,122535.753
99000,,106383.855
125000,,125782.273
0,,626.622
11000,,12338.645
189000,,214608.655
149000,,150793.466
119000,,112808.129
209000,,186900.067
107000,,116811.736
114000,,119962.962
118000,,121194.325
99000,,104985.013
160000,,154142.152
0,,59544.428
112000,,111003.837
162000,,154984.958
133000,,137160.546
104000,,111877.987
114000,,113433.716
117000,,120451.686
156000,,154952.162
148000,,135258.778
0,,7315.998
129000,,131040.173
143000,,115673.608
0,,685.284
177000,,143597.553
119000,,118548.809
247000,,238682.269
185000,,182377.077
117000,,121329.365
71324,,44364.043
128000,,140031.102
99000,,110254.551
139000,,146629.148
75000,,79714.145
115000,,112817.156
153000,,153275.596
97000,,96769.089
130000,,123781.657
39000,,29887.37
125000,,119231.19
46000,,55240.553
171000,,148639.805
133000,,133409.543
113000,,111545.599
102000,,102277.426
148000,,137794.85
140000,,131974.169
109000,,112350.045
93000,,106462.456
159000,,175425.99
120000,,126430.423
0,,1544.009
109000,,112263.52
266000,,227973.013
154000,,140182.691
119000,,121061.76
139000,,147095.211
27000,,32763.506
177000,,173557.262
135000,,130565.973
166000,,173670.046
0,,3682.66
123000,,125047.743
122000,,121422.75
191000,,200466.759
120000,,121908.54
144000,,135740.925
197000,,194074.731
130000,,131905.772
0,,6251.257
124000,,122851.009
119000,,122715.513
130000,,127598.012
87000,,86804.771
0,,2053.534
0,,-3880.242
122000,,138036.782
147000,,141330.022
229000,,203794.497
111000,,110046.477
120000,,127151.538
147000,,126335.311
140000,,143163.007
112000,,116421.215
185000,,168580.353
130000,,131296.855
131000,,151910.578
132000,,140667.586
0,,8878.064
124000,,116755.522
88000,,89089.176
110000,,118048.174
157000,,158879.455
0,,15380.001
0,,2865.982
145000,,131608.785
177000,,173422.878
0,,-183.449
120000,,117184.937
96000,,58929.301
205000,,189112.158
104000,,112892.212
0,,-13.243
130000,,127083.537
110000,,118770.063
137000,,136990.672
127000,,130296.428
109000,,108477.214
149000,,142493.434
154000,,140531.132
117000,,116455.848
0,,-643.98
149000,,167452.071
34000,,47355.412
136000,,141439.366
85000,,100306.301
0,,168.594
115000,,113001.285
0,,6232.818
129000,,136305.053
107000,,107235.561
143000,,143143.936
139000,,134675.36
0,,-739.776
220000,,70923.301
211000,,204374.602
110000,,116002.651
78000,,76650.892
179000,,167725.954
87000,,82689.255
113000,,113476.14
156000,,144822.986
122000,,120550.219
156000,,187602.645
109000,,111739.049
122000,,132910.334
0,,5181.207
149000,,137662.96
140000,,134740.662
0,,6742.372
128000,,131163.994
159000,,149865.525
107000,,111176.467
142000,,138227.564
99000,,94454.444
155000,,147441.366
104000,,96680.688
0,,-1456.797
117000,,120766.522
0,,6602.074
173000,,196704.016
185000,,182378.773
116000,,112013.73
147000,,138553.657
126000,,123309.011
101000,,108857.231
174000,,150509.959
105000,,110244.705
808000,,487170.943
115000,,85203.992
0,,-28650.147
119000,,119035.079
0,,5382.767
133000,,128942.806
52000,,51474.567
149000,,152743.735
119000,,116536.216
111000,,116791.007
120000,,121501.586
99000,,102735.867
129000,,135384.141
0,,-6043.951
0,,5321.264
52000,,54252.768
114000,,120724.752
120000,,120762.608
0,,2120.203
100000,,87580.786
119000,,110459.446
95000,,96856.137
120000,,109301.206
109000,,108477.214
102000,,111190.061
179000,,169193.677
119000,,128889.37
147000,,146425.945
144000,,142840.277
195000,,186500.403
159000,,155176.344
84000,,84335.327
119000,,116851.051
127000,,131704.785
128000,,127559.156
0,,2462.691
172000,,159549.123
103000,,111362.36
171000,,162182.912
0,,423.587
0,,405.812
120000,,121820.383
141000,,132639.678
188000,,173625.413
0,,-1970.352
31000,,31562.086
0,,-3626.724
122000,,121409.798
197000,,196351.171
130000,,130459.785
46000,,53005.625
144000,,137067.204
119000,,117598.144
130000,,131672.986
179000,,157549.481
150000,,143494.371
151000,,153938.794
110000,,107058.066
0,,3248.057
179000,,175794.328
147000,,98715.134
120000,,119310.618
120000,,118183.564
137000,,134015.003
131000,,138819.384
137000,,139621.088
61000,,50143.79
107000,,110092.109
116000,,118238.541
99000,,100674.725
0,,25125.928
126000,,127192.358
48000,,53154.452
130000,,126679.127
0,,1864.789
109000,,104417.12
148000,,140653.207
187000,,178157.64
0,,349.672
136000,,143367.847
159000,,156216.01
46000,,50935.571
124000,,125288.728
98000,,102732.821
0,,-6612.974
119000,,122166.788
0,,262.088
0,,-770.994
135000,,120712.914
0,,5904.332
119000,,124601.797
115000,,114383.951
99000,,101980.817
0,,-3034.501
109000,,113958.478
0,,4752.659
99000,,112507.161
102000,,129877.965
147000,,147590.244
269000,,171064.642
110000,,106518.889
177000,,166448.674
157000,,147984.515
120000,,123373.361
118000,,109262.816
0,,-500.745
104000,,113278.502
135000,,137533.906
114000,,112161.678
127000,,115375.713
108000,,108567.086
120000,,121809.642
0,,6203.268
119000,,113190.884
88000,,95276.853
90000,,94376.179
117000,,121616.475
131000,,133595.875
139000,,138381.043
139000,,146354.79
0,,-5651.811
139000,,142564.925
107000,,110189.354
125000,,119583.285
119000,,107610.21
64000,,46596.899
0,,3757.847
91000,,86408.0
102000,,112081.942
129000,,120963.966
156000,,144488.015
141000,,135963.505
81000,,96638.031
0,,5462.803
137000,,132015.709
118000,,114459.911
149000,,154655.305
117000,,110765.686
34000,,28253.322
112000,,118318.797
130000,,131672.986
113000,,114106.287
123000,,116329.14
27000,,30095.404
120000,,117890.09
0,,-1610.32
124000,,128075.963
144000,,143893.975
0,,125866.4
146000,,145220.016
139000,,130391.073
126000,,132197.272
87000,,80525.266
103000,,110529.424
139000,,131837.322
117000,,107158.213
0,,22457.526
228000,,189720.86
133000,,138612.522
156000,,145947.09
114000,,116202.087
91000,,88275.36
120000,,128831.685
109000,,110563.607
129000,,127508.216
115000,,113246.381
0,,-720.063
174000,,176739.442
129000,,142421.897
0,,-844.492
139000,,141307.098
119000,,64492.778
174000,,186739.736
120000,,114416.116
116000,,122096.858
61000,,51558.629
97000,,99496.054
85000,,92563.809
137000,,129680.116
62000,,59606.537
174000,,145750.476
130000,,125028.482
135000,,125244.937
109000,,116422.197
133000,,130653.32
115000,,139256.367
104000,,106083.535
67000,,65119.641
0,,36583.209
139000,,137110.58
232000,,271426.106
110000,,115853.446
120000,,121820.979
110000,,117356.526
115000,,111292.534
127000,,118339.991
107000,,111409.363
248000,,242719.843
82000,,83004.467
117000,,106136.801
119000,,118716.824
149000,,138458.962
130000,,126576.421
156000,,151941.066
132000,,116763.728
151000,,139044.666
134000,,122789.691
136000,,118328.707
129000,,134986.882
107000,,102458.005
113000,,111944.537
129000,,134086.977
157000,,133827.201
204000,,137747.809
0,,658.616
120000,,117498.595
145000,,135755.263
0,,-3443.64
137000,,128654.035
119000,,124365.555
118000,,117906.846
91000,,103181.608
132000,,123459.9
125000,,129661.264
131000,,135659.088
119000,,122503.125
119000,,117903.474
119000,,114979.405
120000,,150812.595
129000,,129813.72
114000,,116686.535
106000,,124133.729
89000,,79488.026
124000,,125711.323
173000,,187508.662
154000,,142702.085
141000,,126907.638
119000,,112121.762
103000,,111152.434
115000,,117938.34
99000,,105774.246
116000,,117341.902
0,,27545.023
108000,,112944.994
140000,,141515.731
115000,,117380.944
156000,,149739.658
125000,,138445.004
147000,,134308.129
108000,,107224.376
150000,,149108.979
185000,,182242.98
154000,,144853.212
116000,,108432.387
133000,,130529.282
0,,3561.085
116000,,113298.282
0,,-401.453
131000,,128575.52
91000,,86647.253
0,,18229.42
109000,,112985.131
144000,,135763.863
117000,,110198.777
0,,951.604
0,,-1150.566
121000,,124281.433
75000,,79901.018
178000,,177393.902
116000,,117408.693
116000,,128768.203
99000,,102341.404
163000,,166004.553
156000,,149451.722
124000,,125137.439
109000,,108859.81
0,,-1149.961
230000,,214705.075
109000,,117778.752
148000,,145481.744
112000,,118037.756
0,,-6680.615
159000,,158432.015
155000,,160327.357
120000,,119310.618
0,,-1220.36
118000,,114388.942
135000,,118605.961
117000,,120766.522
68000,,57108.917
101000,,107730.007
